CREATE DATABASE IF NOT EXISTS proprojectsdb;

USE `proprojectsdb`;

grant all privileges on proprojectsdb.* to 'webapp'@'%';
flush privileges;

DROP TABLE IF EXISTS `Companies`;

CREATE TABLE Companies
(
    company_id   int AUTO_INCREMENT PRIMARY KEY,
    company_name varchar(50) NOT NULL,
    country      varchar(50),
    city         varchar(50),
    state        varchar(50),
    zip_code     varchar(50)
);

INSERT INTO Companies (company_id, company_name, country, city, state, zip_code)
VALUES (1, 'Realcube', 'Serbia', 'Bečej', NULL, NULL)
     , (2, 'Voomm', 'Brazil', 'Itororó', NULL, '45710000')
     , (3, 'Jayo', 'Indonesia', 'Batuna Satu', NULL, NULL)
     , (4, 'Blogspan', 'South Korea', 'Beopwon', NULL, NULL)
     , (5, 'Realmix', 'China', 'Weihe', NULL, NULL)
     , (6, 'Quire', 'Russia', 'Poddor’ye', NULL, '175260')
     , (7, 'Skibox', 'France', 'Paris 09', 'A8', '7543909')
     , (8, 'Dazzlesphere', 'Iran', 'Qarah Ẕīā’ od Dīn', NULL, NULL)
     , (9, 'Tagpad', 'Colombia', 'Turbo', NULL, '057869')
     , (10, 'Shufflester', 'Indonesia', 'Banjar Triwangsakeliki', NULL, NULL)
     , (11, 'Gabvine', 'Mexico', 'Anahuac', 'VER', '92035')
     , (12, 'Trudoo', 'China', 'Xiaoguan', NULL, NULL)
     , (13, 'Dynava', 'Canada', 'Iqaluit', 'NU', '')
     , (14, 'Skivee', 'Hungary', 'Budapest', 'BU', '1035')
     , (15, 'Omba', 'China', 'Chengdong', NULL, NULL)
     , (16, 'Photolist', 'Serbia', 'Novi Itebej', NULL, NULL)
     , (17, 'Divanoodle', 'Aland Islands', 'Kökar', NULL, '22730')
     , (18, 'Dynabox', 'Indonesia', 'Cipesing', NULL, NULL)
     , (19, 'Fliptune', 'Sweden', 'Flen', 'D', '64224')
     , (20, 'Linktype', 'Indonesia', 'Jajar', NULL, NULL)
     , (21, 'Fiveclub', 'Indonesia', 'Banjar Susut Kaja', NULL, NULL)
     , (22, 'Yoveo', 'Japan', 'Shirahamachō-usazakiminami', NULL, '6728090')
     , (23, 'Topicblab', 'Poland', 'Buk', NULL, '64-320')
     , (24, 'Dynabox', 'China', 'Dachuan', NULL, NULL)
     , (25, 'Yodoo', 'Malaysia', 'Klang', 'SGR', '41918')
     , (26, 'Quatz', 'Indonesia', 'Ciakar', NULL, NULL)
     , (27, 'Vipe', 'Poland', 'Skrzyszów', NULL, '44348')
     , (28, 'Avavee', 'China', 'Shangma', NULL, NULL)
     , (29, 'Zoomcast', 'Azerbaijan', 'Qazax', NULL, NULL)
     , (30, 'Gabtune', 'Zimbabwe', 'Nyazura', NULL, NULL)
     , (31, 'Yambee', 'Argentina', 'Villa Ángela', NULL, '3540')
     , (32, 'Kwideo', 'Russia', 'Bol’shoy Kamen’', NULL, '249018')
     , (33, 'Dynava', 'Czech Republic', 'Rajhradice', NULL, '66461')
     , (34, 'Trupe', 'Ukraine', 'Volochys’k', NULL, NULL)
     , (35, 'Rhycero', 'Portugal', 'Mozelos', '01', '4535160')
     , (36, 'Brainverse', 'Pakistan', 'Lāliān', NULL, '35470')
     , (37, 'Yotz', 'Spain', 'Barcelona', 'CT', '08030')
     , (38, 'Omba', 'Argentina', 'Crespo', NULL, '3116')
     , (39, 'Centimia', 'Indonesia', 'Sidomulyo', NULL, NULL)
     , (40, 'Tazz', 'Indonesia', 'Galubakul', NULL, NULL);



DROP TABLE IF EXISTS `Clients`;

CREATE TABLE Clients
(
    client_id     int AUTO_INCREMENT PRIMARY KEY,
    first_name    varchar(50) NOT NULL,
    last_name     varchar(50) NOT NULL,
    country       varchar(50),
    city          varchar(50),
    state         varchar(50),
    zip_code      varchar(50),
    gender        varchar(50),
    date_of_birth DATE,
    company_id    int         NOT NULL,
    CONSTRAINT FOREIGN KEY (company_id) REFERENCES Companies (company_id)
        ON DELETE RESTRICT
        ON UPDATE CASCADE
);

INSERT INTO Clients(client_id, first_name, last_name, country, city, state, zip_code, gender, date_of_birth,
                    company_id)
VALUES (1, 'Arni', 'Wellum', 'Indonesia', 'Cibeunying', NULL, NULL, 'Male', '1931-04-22 03:53:42', 1)
     , (2, 'Giralda', 'Geertje', 'Poland', 'Młynary', NULL, '14-420', 'Female', '1982-04-23 04:30:47', 2)
     , (3, 'Halsy', 'Mompesson', 'China', 'Shashi', NULL, NULL, 'Genderqueer', '1978-10-10 13:21:50', 3)
     , (4, 'Kristoffer', 'Loude', 'Tanzania', 'Muleba', NULL, NULL, 'Male', '1924-03-10 22:11:24', 4)
     , (5, 'Yves', 'Spadoni', 'Argentina', 'El Aguilar', NULL, '4634', 'Male', '1985-08-04 10:51:02', 5)
     , (6, 'Ezechiel', 'Hadkins', 'China', 'Sanjiang', NULL, NULL, 'Male', '1927-11-19 16:53:32', 6)
     , (7, 'Dodi', 'Driscoll', 'Indonesia', 'Cijambe', NULL, NULL, 'Female', '1989-09-23 01:28:25', 7)
     , (8, 'Wendeline', 'Lines', 'Albania', 'Derjan', NULL, NULL, 'Bigender', '1935-04-16 03:47:14', 8)
     , (9, 'Miguela', 'Gudgion', 'China', 'Miaotang', NULL, NULL, 'Female', '1944-01-18 14:53:08', 9)
     , (10, 'Aeriell', 'Gilbanks', 'Portugal', 'Leceia', 'Lisboa', '2730-060', 'Female',
        '1957-06-16 03:56:57', 10)
     , (11, 'Irma', 'Traynor', 'Peru', 'Lobitos', NULL, NULL, 'Female', '1930-09-10 23:06:56', 11)
     , (12, 'Dev', 'Leathes', 'France', 'Saint-Jean-de-Luz', 'Aquitaine', '64504 CEDEX', 'Male',
        '1990-10-19 05:05:34', 12)
     , (13, 'Kat', 'Tulip', 'China', 'Shangdu', NULL, NULL, 'Female', '1996-09-03 13:21:20', 13)
     , (14, 'Brenden', 'Keniwell', 'Vietnam', 'Tuy Phước', NULL, NULL, 'Male', '1947-10-01 15:02:30', 14)
     , (15, 'Port', 'Willmont', 'Philippines', 'Pimbalayan', NULL, '6342', 'Male', '1924-05-16 19:26:13', 15)
     , (16, 'Grace', 'Dymocke', 'Indonesia', 'Cikijing', NULL, NULL, 'Male', '1990-07-19 03:55:02', 16)
     , (17, 'Tommi', 'Eick', 'Indonesia', 'Gunungmalang Satu', NULL, NULL, 'Female', '1951-07-22 22:17:56',
        17)
     , (18, 'Justen', 'Littrick', 'China', 'Wanzhi', NULL, NULL, 'Male', '1964-10-11 06:12:24', 18)
     , (19, 'Edythe', 'Gleed', 'France', 'Paris 01', 'Île-de-France', '75038 CEDEX 01', 'Female',
        '1998-01-12 23:50:05', 19)
     , (20, 'Casandra', 'Jerome', 'Indonesia', 'Sumberdadi', NULL, NULL, 'Female', '1967-06-03 21:32:13', 20)
     , (21, 'Lucita', 'Belleny', 'Portugal', 'Outeiro de Polima', 'Lisboa', '2785-505', 'Female',
        '1925-01-16 16:03:33', 21)
     , (22, 'Viviana', 'Heams', 'Argentina', 'Arauco', NULL, '5311', 'Female', '1951-01-22 17:12:40', 22)
     , (23, 'Leonid', 'Lisle', 'Indonesia', 'Kubang', NULL, NULL, 'Male', '1944-01-07 19:32:27', 23)
     , (24, 'Kali', 'Whiffen', 'China', 'Yanggan', NULL, NULL, 'Genderfluid', '1992-09-18 20:39:37', 24)
     , (25, 'Jethro', 'Broose', 'Brazil', 'Porto Calvo', NULL, '57900-000', 'Male', '1932-05-24 14:50:38', 25)
     , (26, 'Jillayne', 'Emney', 'Portugal', 'Algés', 'Lisboa', '1495-005', 'Female', '1937-09-01 17:47:31',
        26)
     , (27, 'Teddie', 'Uwins', 'Japan', 'Miharu', NULL, '839-1407', 'Female', '1926-09-22 02:11:41', 27)
     , (28, 'Marita', 'Girone', 'China', 'Ning’an', NULL, NULL, 'Polygender', '1982-03-29 13:39:11', 28)
     , (29, 'Wilona', 'Kenan', 'Afghanistan', 'Balkh', NULL, NULL, 'Agender', '1948-07-02 10:53:47', 29)
     , (30, 'Cesare', 'Houston', 'China', 'Tengqiao', NULL, NULL, 'Polygender', '1938-10-19 13:42:22', 30)
     , (31, 'Warren', 'Langthorn', 'Palestinian Territory', 'Shūkat aş Şūfī', NULL, NULL, 'Male',
        '1973-02-06 00:33:12', 31)
     , (32, 'Wyatt', 'Dunkerley', 'Comoros', 'Moutsamoudou', NULL, NULL, 'Male', '1965-05-02 13:46:15', 32)
     , (33, 'Robinette', 'Burdin', 'Ukraine', 'Verkhnyaya Belka', NULL, NULL, 'Female', '1953-02-22 14:25:15',
        33)
     , (34, 'Erinn', 'Steffan', 'Brazil', 'Alagoinhas', NULL, '48000-000', 'Female', '1943-11-17 12:48:29',
        34)
     , (35, 'Rois', 'Lammas', 'China', 'Longsheng', NULL, NULL, 'Female', '1924-11-17 22:54:27', 35)
     , (36, 'Lily', 'Dinning', 'Indonesia', 'Batugede Kulon', NULL, NULL, 'Bigender', '1955-11-18 22:39:49',
        36)
     , (37, 'Blinni', 'Dorre', 'Brazil', 'Marapanim', NULL, '68760-000', 'Female', '1955-11-06 13:12:19', 37)
     , (38, 'Ruthanne', 'Masser', 'Indonesia', 'Banjar Wates Tengah', NULL, NULL, 'Genderfluid',
        '1974-04-20 07:51:15', 38)
     , (39, 'Euell', 'Cecere', 'Vietnam', 'Hội An', NULL, NULL, 'Male', '1998-05-24 06:55:46', 39)
     , (40, 'Stephine', 'Nassey', 'Japan', 'Saga-shi', NULL, '840-2223', 'Polygender', '1954-07-02 07:33:07',
        40)
     , (41, 'Nolan', 'Splevings', 'Brazil', 'Irati', NULL, '89856-000', 'Male', '1958-05-14 21:42:22', 1)
     , (42, 'Annetta', 'Conry', 'Indonesia', 'Mujur Satu', NULL, NULL, 'Female', '1926-03-18 00:59:11', 2)
     , (43, 'Montgomery', 'Aberchirder', 'Tajikistan', 'Proletar', NULL, NULL, 'Male', '1944-05-01 01:49:32',
        3)
     , (44, 'Abeu', 'Tothacot', 'Albania', 'Zall-Herr', NULL, NULL, 'Male', '1924-09-11 22:19:20', 4)
     , (45, 'Sarah', 'Dracksford', 'Russia', 'Uglyanets', NULL, '396130', 'Female', '1941-12-21 14:45:51', 5)
     , (46, 'Lyndsie', 'Becket', 'China', 'Songqiao', NULL, NULL, 'Non-binary', '1956-03-23 17:44:28', 6)
     , (47, 'Hedvige', 'Gilder', 'China', 'Saxin', NULL, NULL, 'Female', '1997-10-10 21:10:52', 7)
     , (48, 'Kaleb', 'Howard - Gater', 'China', 'Erdaojiang', NULL, NULL, 'Male', '1942-04-30 00:53:15', 8)
     , (49, 'Gordan', 'Nary', 'China', 'Tiaodeng', NULL, NULL, 'Male', '1978-08-29 17:01:01', 9)
     , (50, 'Domingo', 'Vinnicombe', 'Poland', 'Kuryłówka', NULL, '37-303', 'Male', '1984-01-17 04:54:58', 10)
     , (51, 'Tynan', 'Ivamy', 'Sweden', 'Stockholm', 'Stockholm', '113 39', 'Male', '1943-09-05 19:58:59', 11)
     , (52, 'Jonas', 'Kermannes', 'China', 'Jianggu', NULL, NULL, 'Male', '1937-07-01 04:50:05', 12)
     , (53, 'Andre', 'Paolucci', 'Czech Republic', 'Stod', NULL, '333 01', 'Male', '1958-01-25 13:49:20', 13)
     , (54, 'Jeffy', 'Bein', 'Indonesia', 'Krueng Luak', NULL, NULL, 'Male', '1942-03-25 12:56:27', 14)
     , (55, 'Menard', 'Gottschalk', 'Slovenia', 'Trbovlje', NULL, '1420', 'Male', '1953-07-27 22:19:10', 15)
     , (56, 'Lemmie', 'Kolakowski', 'Iceland', 'Eskifjörður', NULL, '735', 'Male', '1998-11-27 14:47:59', 16)
     , (57, 'Tait', 'Goodreid', 'Ukraine', 'Horodnytsya', NULL, NULL, 'Male', '1992-01-06 16:47:00', 17)
     , (58, 'Staci', 'Higgonet', 'France', 'Rennes', 'Bretagne', '35914 CEDEX 9', 'Polygender',
        '1983-04-26 01:15:14', 18)
     , (59, 'Michal', 'Melody', 'China', 'Biyang', NULL, NULL, 'Female', '1993-03-17 08:05:45', 19)
     , (60, 'Constancy', 'Sherville', 'Philippines', 'Santiago', NULL, '8608', 'Female',
        '1924-08-14 08:56:48', 20)
     , (61, 'Reamonn', 'Iredell', 'Armenia', 'Ejmiatsin', NULL, NULL, 'Genderqueer', '1971-03-30 18:35:20',
        21)
     , (62, 'Edouard', 'Dinzey', 'Nigeria', 'Abuja', NULL, NULL, 'Male', '1928-02-11 18:03:47', 22)
     , (63, 'Jerrylee', 'Blandford', 'Brazil', 'Luziânia', NULL, '72800-000', 'Female', '1967-04-23 08:04:31',
        23)
     , (64, 'Sutherlan', 'Cudiff', 'Greece', 'Triandría', NULL, NULL, 'Male', '1969-10-24 09:13:12', 24)
     , (65, 'Adler', 'Giovannacc@i', 'Japan', 'Nōgata', NULL, '822-0034', 'Male', '1968-09-11 08:05:51', 25)
     , (66, 'Gianni', 'Backhouse', 'Poland', 'Promna', NULL, '26-803', 'Male', '1973-04-21 17:54:11', 26)
     , (67, 'Carmelina', 'Hamlington', 'Venezuela', 'Coloncito', NULL, NULL, 'Non-binary',
        '1995-01-06 13:14:29', 27)
     , (68, 'Constantia', 'McMickan', 'Portugal', 'Fraga', 'Porto', '4625-445', 'Female',
        '1948-11-02 08:51:54', 28)
     , (69, 'Cammie', 'Giovani', 'Czech Republic', 'Chropyně', NULL, '768 11', 'Female',
        '1953-10-01 02:56:15', 29)
     , (70, 'Garnette', 'Costanza', 'Czech Republic', 'Štěnovice', NULL, '332 09', 'Female',
        '1960-02-16 05:49:44', 30)
     , (71, 'Giffie', 'Fraulo', 'Portugal', 'Vila Verde', 'Coimbra', '3025-403', 'Male',
        '1948-10-17 21:57:59', 31)
     , (72, 'Giulia', 'Syer', 'China', 'Ludishan', NULL, NULL, 'Female', '1962-11-13 02:08:18', 32)
     , (73, 'Alikee', 'Sidney', 'Russia', 'Belyye Berega', NULL, '241902', 'Female', '1940-11-24 18:43:49',
        33)
     , (74, 'Trenna', 'Leadley', 'Russia', 'Kraskino', NULL, '692715', 'Female', '1935-11-26 23:48:42', 34)
     , (75, 'Clement', 'Feckey', 'China', 'Pengshi', NULL, NULL, 'Male', '1978-03-04 13:16:06', 35)
     , (76, 'Byrann', 'Sarvar', 'China', 'Yucun', NULL, NULL, 'Male', '1974-06-20 06:42:56', 36)
     , (77, 'Adara', 'Purbrick', 'China', 'Luohuang', NULL, NULL, 'Female', '1938-12-18 01:36:16', 37)
     , (78, 'Con', 'Rittmeyer', 'China', 'Shuanghe', NULL, NULL, 'Male', '1936-03-11 10:00:33', 38)
     , (79, 'Elvin', 'Feehan', 'Poland', 'Markowa', NULL, '37-120', 'Genderqueer', '1960-12-22 23:33:18', 39)
     , (80, 'Jermaine', 'Scoyne', 'China', 'Renxian', NULL, NULL, 'Male', '1934-01-31 15:11:28', 40)
     , (81, 'Britney', 'Jorry', 'Portugal', 'Esposende', 'Braga', '4740-010', 'Agender',
        '1999-11-02 12:54:59', 1)
     , (82, 'Edouard', 'Catterson', 'Russia', 'Nizhniy Tsasuchey', NULL, '674480', 'Male',
        '1968-06-29 13:22:08', 2)
     , (83, 'Ilise', 'Weiner', 'France', 'Le Cannet', 'Provence-Alpes-Côte d''Azur', '06116 CEDEX', 'Female',
        '1956-01-03 18:58:43', 3)
     , (84, 'Napoleon', 'Dimond', 'Indonesia', 'Pakisaji', NULL, NULL, 'Male', '1976-10-18 17:47:46', 4)
     , (85, 'Sharai', 'Issett', 'Indonesia', 'Mojogajeh', NULL, NULL, 'Female', '1972-06-21 22:08:33', 5)
     , (86, 'Bonny', 'Lyttle', 'Indonesia', 'Krajan', NULL, NULL, 'Female', '1951-07-08 12:11:44', 6)
     , (87, 'Jeromy', 'Andrioletti', 'Sweden', 'Karlstad', 'Värmland', '652 22', 'Male',
        '1993-12-02 03:28:42', 7)
     , (88, 'Thatcher', 'Fingleton', 'Yemen', 'Maqbanah', NULL, NULL, 'Male', '1977-01-24 21:41:50', 8)
     , (89, 'Tucky', 'Marre', 'China', 'Sujitan', NULL, NULL, 'Male', '1954-08-24 23:45:27', 9)
     , (90, 'Riki', 'Adshad', 'Poland', 'Sieroszewice', NULL, '63-405', 'Female', '2000-02-22 03:07:58', 10)
     , (91, 'Reeba', 'Graffham', 'Russia', 'Voznesenskaya', NULL, '352537', 'Female', '1943-03-13 08:36:15',
        11)
     , (92, 'Caralie', 'Cooney', 'Zimbabwe', 'Chipinge', NULL, NULL, 'Female', '1958-02-14 23:17:23', 12)
     , (93, 'Alisha', 'Bradick', 'China', 'Xiaojie', NULL, NULL, 'Genderfluid', '1947-07-13 15:18:05', 13)
     , (94, 'Gwendolyn', 'Hulance', 'Belarus', 'Smilavichy', NULL, NULL, 'Female', '1999-04-20 09:49:10', 14)
     , (95, 'Joaquin', 'Gamlin', 'Czech Republic', 'Červená Voda', NULL, '561 61', 'Male',
        '1977-04-06 16:07:50', 15)
     , (96, 'Rayner', 'Sellwood', 'Thailand', 'Wan Yai', NULL, '49150', 'Male', '1940-04-17 01:31:38', 16)
     , (97, 'Virge', 'Greenrodd', 'Indonesia', 'Poponcol', NULL, NULL, 'Agender', '1993-01-16 05:15:19', 17)
     , (98, 'Paquito', 'O''Hara', 'Thailand', 'Rayong', NULL, '21000', 'Male', '1948-02-23 10:57:29', 18)
     , (99, 'Theodore', 'Seymer', 'China', 'Dongbang', NULL, NULL, 'Male', '1951-11-05 13:59:21', 19)
     , (100, 'Urson', 'Byrth', 'Uganda', 'Oyam', NULL, NULL, 'Male', '1996-08-02 19:02:22', 20);

DROP TABLE IF EXISTS `Client_Email_Addresses`;

CREATE TABLE Client_Email_Addresses
(
    client_id     int,
    email_address varchar(50),
    PRIMARY KEY (client_id, email_address),
    CONSTRAINT fk_2 FOREIGN KEY (client_id) REFERENCES Clients (client_id)
        ON DELETE CASCADE
        ON UPDATE CASCADE
);

INSERT INTO Client_Email_Addresses(client_id, email_address)
VALUES (19, 'ddjokic0@4shared.com')
     , (36, 'mklauber1@behance.net')
     , (96, 'fduffer2@washingtonpost.com')
     , (40, 'bwhichelow3@wikispaces.com')
     , (100, 'hmoryson4@who.int')
     , (51, 'jwernham5@bing.com')
     , (44, 'cdelagua6@cnn.com')
     , (77, 'goakeshott7@e-recht24.de')
     , (21, 'hdoveston8@washington.edu')
     , (58, 'cjessop9@newsvine.com')
     , (44, 'ldomineya@ebay.co.uk')
     , (57, 'lniblockb@mit.edu')
     , (96, 'cgecksc@webeden.co.uk')
     , (91, 'mlissandred@webnode.com')
     , (14, 'snorfolke@reuters.com')
     , (12, 'jlambertciorwynf@wikimedia.org')
     , (77, 'jgriffing@tinyurl.com')
     , (73, 'ncrumbieh@tuttocitta.it')
     , (4, 'hmadgewicki@comcast.net')
     , (78, 'tpascoej@guardian.co.uk')
     , (32, 'ljachimiakk@pcworld.com')
     , (23, 'mdottrelll@tmall.com')
     , (99, 'mawinm@rakuten.co.jp')
     , (38, 'tlealen@mit.edu')
     , (82, 'cschenfischo@nifty.com')
     , (52, 'dparramp@behance.net')
     , (4, 'llummasanaq@qq.com')
     , (28, 'pdorkingr@zdnet.com')
     , (49, 'ofrawleys@lycos.com')
     , (90, 'acrantont@mashable.com')
     , (36, 'greillyu@dailymotion.com')
     , (43, 'ubrunnerv@narod.ru')
     , (5, 'agrasw@51.la')
     , (22, 'kbradmorex@pen.io')
     , (52, 'hcroomy@tmall.com')
     , (99, 'gschoenfischz@netvibes.com')
     , (24, 'dgruszecki10@shinystat.com')
     , (11, 'aomonahan11@google.es')
     , (73, 'kdeble12@engadget.com')
     , (39, 'cmorrieson13@nifty.com')
     , (81, 'agreenhow14@cnbc.com')
     , (88, 'sgroven15@nytimes.com')
     , (7, 'cjendrach16@weather.com')
     , (23, 'tclaque17@tmall.com')
     , (82, 'feyden18@tamu.edu')
     , (22, 'achalmers19@theguardian.com')
     , (73, 'smccrackem1a@altervista.org')
     , (24, 'aatheis1b@networksolutions.com')
     , (68, 'wgerrett1c@businessweek.com')
     , (4, 'gstanislaw1d@engadget.com')
     , (10, 'strevarthen1e@cpanel.net')
     , (21, 'lcarrabot1f@unicef.org')
     , (16, 'apiet1g@mediafire.com')
     , (26, 'dnewlands1h@blogger.com')
     , (68, 'wtwiggs1i@icq.com')
     , (78, 'aedelheid1j@newsvine.com')
     , (31, 'bbattyll1k@digg.com')
     , (35, 'aflisher1l@shinystat.com')
     , (48, 'scolisbe1m@fastcompany.com')
     , (77, 'hthurner1n@answers.com')
     , (6, 'gbonnyson1o@ustream.tv')
     , (69, 'cdilrew1p@yandex.ru')
     , (29, 'spenhallurick1q@discovery.com')
     , (49, 'lshann1r@mail.ru')
     , (2, 'kmonteath1s@blog.com')
     , (26, 'afawcus1t@blogger.com')
     , (16, 'ajugging1u@cdc.gov')
     , (47, 'agerber1v@google.pl')
     , (74, 'faliberti1w@comcast.net')
     , (35, 'bcarr1x@usnews.com')
     , (53, 'fboneham1y@w3.org')
     , (62, 'klarchier1z@qq.com')
     , (47, 'ideryebarrett20@symantec.com')
     , (98, 'rotridge21@exblog.jp')
     , (14, 'ctrebble22@blog.com')
     , (27, 'lbeel23@arstechnica.com')
     , (39, 'mgrevatt24@chronoengine.com')
     , (6, 'jalves25@nationalgeographic.com')
     , (22, 'trigglesford26@kickstarter.com')
     , (46, 'dwhatford27@wiley.com')
     , (72, 'fcharle28@yellowpages.com')
     , (9, 'avail29@aol.com')
     , (61, 'mdagleas2a@blog.com')
     , (97, 'apollastro2b@rakuten.co.jp')
     , (4, 'lgallaway2c@sbwire.com')
     , (76, 'ehuband2d@ucoz.ru')
     , (90, 'cdurkin2e@dell.com')
     , (43, 'tcasaroli2f@i2i.jp')
     , (15, 'agallager2g@arizona.edu')
     , (98, 'apack2h@phoca.cz')
     , (86, 'mpoytheras2i@chronoengine.com')
     , (69, 'tenticott2j@thetimes.co.uk')
     , (17, 'tnell2k@dion.ne.jp')
     , (50, 'aklimowski2l@fc2.com')
     , (32, 'lforeman2m@networksolutions.com')
     , (27, 'lsambles2n@europa.eu')
     , (6, 'sbagger2o@webs.com')
     , (81, 'mloadwick2p@disqus.com')
     , (98, 'jmacscherie2q@geocities.jp')
     , (29, 'ctitterton2r@prweb.com')
     , (86, 'eglowinski2s@mit.edu')
     , (36, 'mspeare2t@cargocollective.com')
     , (9, 'jnesfield2u@redcross.org')
     , (97, 'gkeigher2v@irs.gov')
     , (31, 'erayhill2w@ehow.com')
     , (19, 'jfrith2x@msn.com')
     , (63, 'arusling2y@cdbaby.com')
     , (39, 'dwealleans2z@youtube.com')
     , (57, 'rbounds30@360.cn')
     , (42, 'tdenis31@unc.edu')
     , (93, 'mrobbie32@hugedomains.com')
     , (47, 'cspilling33@naver.com')
     , (51, 'rfitzmaurice34@comsenz.com')
     , (49, 'bchenery35@merriam-webster.com')
     , (88, 'rshippey36@japanpost.jp')
     , (53, 'cscopes37@slate.com')
     , (97, 'frozycki38@feedburner.com')
     , (89, 'aockleshaw39@theatlantic.com')
     , (20, 'pblanden3a@etsy.com')
     , (61, 'ablankman3b@nps.gov')
     , (97, 'ahabden3c@census.gov')
     , (55, 'ibentinck3d@w3.org')
     , (31, 'bwadie3e@netvibes.com')
     , (67, 'aspacy3f@mashable.com')
     , (85, 'lgrealish3g@delicious.com')
     , (8, 'mcudde3h@earthlink.net')
     , (89, 'gkelso3i@bing.com')
     , (79, 'sdaviot3j@geocities.com')
     , (76, 'vmcgarahan3k@cdbaby.com')
     , (85, 'bcockshot3l@pbs.org')
     , (4, 'tpowles3m@marketwatch.com')
     , (31, 'llairdcraig3n@twitter.com')
     , (62, 'cwestberg3o@virginia.edu')
     , (10, 'adurgan3p@themeforest.net')
     , (30, 'ctyzack3q@ocn.ne.jp')
     , (70, 'amcgiffin3r@google.ca')
     , (65, 'ebirtley3s@myspace.com')
     , (39, 'tmartinez3t@naver.com')
     , (26, 'ftongue3u@domainmarket.com')
     , (28, 'rnutton3v@umich.edu')
     , (31, 'sdummer3w@miitbeian.gov.cn')
     , (53, 'mpauley3x@4shared.com')
     , (47, 'swickerson3y@biglobe.ne.jp')
     , (22, 'mcrampsey3z@51.la')
     , (25, 'lcaso40@flavors.me')
     , (68, 'ssandiford41@quantcast.com')
     , (49, 'emortel42@patch.com')
     , (100, 'dchesser43@usda.gov')
     , (7, 'ccrennan44@home.pl')
     , (81, 'bzannutti45@amazon.com');



DROP TABLE IF EXISTS `Projects`;

CREATE TABLE Projects
(
    project_id         int AUTO_INCREMENT PRIMARY KEY,
    client_id          int         NOT NULL,
    project_name       varchar(50) NOT NULL,
    project_difficulty varchar(50),
    project_desc       varchar(750),
    CONSTRAINT fk_3 FOREIGN KEY (client_id) REFERENCES Clients (client_id)
        ON DELETE RESTRICT
        ON UPDATE CASCADE
);

INSERT INTO Projects(project_id, client_id, project_name, project_difficulty, project_desc)
VALUES (1, 77, 'Voltsillam', NULL,
        'Pellentesque at nulla. Suspendisse potenti. Cras in purus eu magna vulputate luctus.')
     , (2, 28, 'Alpha', 'Easy', 'Etiam vel augue. Vestibulum rutrum rutrum neque. Aenean auctor gravida sem.')
     , (3, 50, 'Viva', 'Hard',
        'Aenean fermentum. Donec ut mauris eget massa tempor convallis. Nulla neque libero, convallis eget, eleifend luctus, ultricies eu, nibh.')
     , (4, 48, 'Subin', 'Medium',
        'Suspendisse potenti. In eleifend quam a odio. In hac habitasse platea dictumst.')
     , (5, 91, 'Tin', 'Easy',
        'Nam ultrices, libero non mattis pulvinar, nulla pede ullamcorper augue, a suscipit nulla elit ac nulla. Sed vel enim sit amet nunc viverra dapibus. Nulla suscipit ligula in lacus.')
     , (6, 96, 'Redhold', 'Hard',
        'Suspendisse potenti. In eleifend quam a odio. In hac habitasse platea dictumst.')
     , (7, 63, 'Sonair', 'Medium', 'Sed ante. Vivamus tortor. Duis mattis egestas metus.')
     , (8, 71, 'Y-Solowarm', NULL,
        'Aenean lectus. Pellentesque eget nunc. Donec quis orci eget orci vehicula condimentum.')
     , (9, 59, 'Fix San', 'Medium',
        'Mauris enim leo, rhoncus sed, vestibulum sit amet, cursus id, turpis. Integer aliquet, massa id lobortis convallis, tortor risus dapibus augue, vel accumsan tellus nisi eu orci. Mauris lacinia sapien quis libero.')
     , (10, 42, 'Kanlam', 'Medium',
        'Mauris enim leo, rhoncus sed, vestibulum sit amet, cursus id, turpis. Integer aliquet, massa id lobortis convallis, tortor risus dapibus augue, vel accumsan tellus nisi eu orci. Mauris lacinia sapien quis libero.')
     , (11, 47, 'Fixflex', 'Medium',
        'Curabitur at ipsum ac tellus semper interdum. Mauris ullamcorper purus sit amet nulla. Quisque arcu libero, rutrum ac, lobortis vel, dapibus at, diam.')
     , (12, 84, 'It', 'Easy',
        'Morbi porttitor lorem id ligula. Suspendisse ornare consequat lectus. In est risus, auctor sed, tristique in, tempus sit amet, sem.')
     , (13, 6, 'Mat Lam Tam', 'Medium', 'Integer ac leo. Pellentesque ultrices mattis odio. Donec vitae nisi.')
     , (14, 9, 'Rank', 'Hard',
        'Morbi porttitor lorem id ligula. Suspendisse ornare consequat lectus. In est risus, auctor sed, tristique in, tempus sit amet, sem.')
     , (15, 9, 'Sub-Ex', 'Hard',
        'Aenean lectus. Pellentesque eget nunc. Donec quis orci eget orci vehicula condimentum.')
     , (16, 26, 'Bamity', NULL,
        'Praesent id massa id nisl venenatis lacinia. Aenean sit amet justo. Morbi ut odio.')
     , (17, 29, 'Stim', 'Easy',
        'Nam ultrices, libero non mattis pulvinar, nulla pede ullamcorper augue, a suscipit nulla elit ac nulla. Sed vel enim sit amet nunc viverra dapibus. Nulla suscipit ligula in lacus.')
     , (18, 30, 'Y-Solowarm', NULL,
        'Cum sociis natoque penatibus et magnis dis parturient montes, nascetur ridiculus mus. Vivamus vestibulum sagittis sapien. Cum sociis natoque penatibus et magnis dis parturient montes, nascetur ridiculus mus.')
     , (19, 14, 'Bamity', 'Medium',
        'Maecenas leo odio, condimentum id, luctus nec, molestie sed, justo. Pellentesque viverra pede ac diam. Cras pellentesque volutpat dui.')
     , (20, 49, 'Lotlux', 'Medium', 'In hac habitasse platea dictumst. Etiam faucibus cursus urna. Ut tellus.')
     , (21, 93, 'Viva', 'Medium',
        'Maecenas ut massa quis augue luctus tincidunt. Nulla mollis molestie lorem. Quisque ut erat.')
     , (22, 9, 'Subin', 'Easy',
        'Quisque id justo sit amet sapien dignissim vestibulum. Vestibulum ante ipsum primis in faucibus orci luctus et ultrices posuere cubilia Curae; Nulla dapibus dolor vel est. Donec odio justo, sollicitudin ut, suscipit a, feugiat et, eros.')
     , (23, 72, 'Konklab', 'Medium',
        'Lorem ipsum dolor sit amet, consectetuer adipiscing elit. Proin risus. Praesent lectus.')
     , (24, 66, 'Zaam-Dox', NULL,
        'Curabitur at ipsum ac tellus semper interdum. Mauris ullamcorper purus sit amet nulla. Quisque arcu libero, rutrum ac, lobortis vel, dapibus at, diam.')
     , (25, 14, 'Namfix', 'Medium',
        'Aenean fermentum. Donec ut mauris eget massa tempor convallis. Nulla neque libero, convallis eget, eleifend luctus, ultricies eu, nibh.')
     , (26, 61, 'Fixflex', 'Medium',
        'In sagittis dui vel nisl. Duis ac nibh. Fusce lacus purus, aliquet at, feugiat non, pretium quis, lectus.')
     , (27, 72, 'Span', NULL,
        'Aenean lectus. Pellentesque eget nunc. Donec quis orci eget orci vehicula condimentum.')
     , (28, 51, 'Bitwolf', 'Medium',
        'Mauris enim leo, rhoncus sed, vestibulum sit amet, cursus id, turpis. Integer aliquet, massa id lobortis convallis, tortor risus dapibus augue, vel accumsan tellus nisi eu orci. Mauris lacinia sapien quis libero.')
     , (29, 58, 'Treeflex', 'Medium',
        'Cras mi pede, malesuada in, imperdiet et, commodo vulputate, justo. In blandit ultrices enim. Lorem ipsum dolor sit amet, consectetuer adipiscing elit.')
     , (30, 66, 'Daltfresh', 'Easy',
        'Suspendisse potenti. In eleifend quam a odio. In hac habitasse platea dictumst.')
     , (31, 19, 'Temp', 'Medium',
        'Donec diam neque, vestibulum eget, vulputate ut, ultrices vel, augue. ultrices posuere cubilia Curae; Donec pharetra.')
     , (32, 63, 'Keylex', 'Hard',
        'Integer tincidunt ante vel ipsum. Praesent blandit lacinia erat. Vestibulum sed magna at nunc commodo placerat.')
     , (33, 42, 'Stringtough', NULL,
        'Fusce posuere felis sed lacus. Morbi sem mauris, laoreet ut, rhoncus aliquet, pulvinar sed, nisl. Nunc rhoncus dui vel sem.')
     , (34, 27, 'Alphazap', 'Medium', 'Sed ante. Vivamus tortor. Duis mattis egestas metus.')
     , (35, 42, 'Subin', 'Medium',
        'Quisque id justo sit amet sapien dignissim vestibulum. Vestibulum ante ipsum primis in faucibus orci luctus et ultrices posuere cubilia Curae; Nulla dapibus dolor vel est. Donec odio justo, sollicitudin ut, suscipit a, feugiat et, eros.')
     , (36, 28, 'Prodder', 'Easy',
        'Proin leo odio, porttitor id, consequat in, consequat ut, nulla. Sed accumsan felis. Ut at dolor quis odio consequat varius.')
     , (37, 88, 'Vagram', 'Hard',
        'Suspendisse potenti. In eleifend quam a odio. In hac habitasse platea dictumst.')
     , (38, 90, 'Flexidy', 'Hard',
        'Cras non velit nec nisi vulputate nonummy. Maecenas tincidunt lacus at velit. Vivamus vel nulla eget eros elementum pellentesque.')
     , (39, 32, 'Namfix', 'Hard',
        'Maecenas leo odio, condimentum id, luctus nec, molestie sed, justo. Pellentesque viverra pede ac diam. Cras pellentesque volutpat dui.')
     , (40, 69, 'Asoka', NULL,
        'Curabitur gravida nisi at nibh. In hac habitasse platea dictumst. Aliquam augue quam, sollicitudin vitae, consectetuer eget, rutrum at, lorem.');



DROP TABLE IF EXISTS `Departments`;

CREATE TABLE Departments
(
    department_id       int AUTO_INCREMENT PRIMARY KEY,
    department_name     varchar(50) NOT NULL,
    department_location varchar(50) NOT NULL
);
INSERT INTO Departments(department_id, department_name, department_location)
VALUES (1, 'Marketing', 27642)
     , (2, 'Support', 0101)
     , (3, 'Research and Development', 90672)
     , (4, 'Sales', 4900)
     , (5, 'Research and Development', 431)
     , (6, 'Engineering', 98748)
     , (7, 'Product Management', 039)
     , (8, 'Marketing', 447)
     , (9, 'Product Management', 0)
     , (10, 'Sales', 59736);

DROP TABLE IF EXISTS `Teams`;

CREATE TABLE Teams
(
    team_id       int AUTO_INCREMENT PRIMARY KEY,
    team_name     varchar(50) NOT NULL,
    meeting_time  time        NOT NULL,
    department_id int         NOT NULL,
    CONSTRAINT fk_6 FOREIGN KEY (department_id) REFERENCES Departments (department_id)
        ON DELETE CASCADE
        ON UPDATE CASCADE
);

INSERT INTO Teams(team_id, department_id, team_name, meeting_time)
VALUES (1, 1, 'Fix San', '13:17:08.000')
     , (2, 2, 'Rank', '14:01:30.000')
     , (3, 3, 'Tresom', '16:53:04.000')
     , (4, 4, 'Transcof', '11:58:19.000')
     , (5, 5, 'Quo Lux', '13:37:57.000')
     , (6, 6, 'Matsoft', '16:41:09.000')
     , (7, 7, 'Bitwolf', '11:26:47.000')
     , (8, 8, 'Tres-Zap', '12:43:44.000')
     , (9, 9, 'Daltfresh', '13:12:21.000')
     , (10, 10, 'Zoolab', '12:49:14.000')
     , (11, 1, 'Alpha', '14:28:07.000')
     , (12, 2, 'Kanlam', '16:04:02.000')
     , (13, 3, 'Cardguard', '11:12:19.000')
     , (14, 4, 'Stim', '14:04:49.000')
     , (15, 5, 'Asoka', '12:21:13.000')
     , (16, 6, 'Prodder', '9:41:30.000')
     , (17, 7, 'Zathin', '11:07:09.000')
     , (18, 8, 'Veribet', '10:26:32.000')
     , (19, 9, 'Hatity', '16:41:14.000')
     , (20, 10, 'Viva', '11:41:46.000')
     , (21, 1, 'Holdlamis', '9:34:25.000')
     , (22, 2, 'Treeflex', '12:34:04.000')
     , (23, 3, 'Stronghold', '13:55:57.000')
     , (24, 4, 'Stronghold', '10:03:58.000')
     , (25, 5, 'Namfix', '9:20:01.000')
     , (26, 6, 'Home Ing', '15:18:14.000')
     , (27, 7, 'Konklux', '10:35:35.000')
     , (28, 8, 'Greenlam', '11:17:02.000')
     , (29, 9, 'Bamity', '10:24:47.000')
     , (30, 10, 'Voltsillam', '16:59:31.000')
     , (31, 1, 'Pannier', '16:04:35.000')
     , (32, 2, 'Cardguard', '9:31:12.000')
     , (33, 3, 'Stim', '16:52:56.000')
     , (34, 4, 'Temp', '13:39:41.000')
     , (35, 5, 'Voltsillam', '11:13:33.000')
     , (36, 6, 'Opela', '12:34:29.000')
     , (37, 7, 'Zaam-Dox', '12:00:57.000')
     , (38, 8, 'Fix San', '11:50:50.000')
     , (39, 9, 'Otcom', '10:34:27.000')
     , (40, 10, 'Sub-Ex', '16:21:43.000');


DROP TABLE IF EXISTS `Team_projects`;

CREATE TABLE Team_projects
(
    project_id int,
    team_id    int,
    PRIMARY KEY (project_id, team_id),
    CONSTRAINT fk_4 FOREIGN KEY (project_id) REFERENCES Projects (project_id)
        ON DELETE RESTRICT
        ON UPDATE CASCADE,
    CONSTRAINT fk_5 FOREIGN KEY (team_id) REFERENCES Teams (team_id)
        ON DELETE RESTRICT
        ON UPDATE CASCADE
);

INSERT INTO Team_projects(project_id,team_id) VALUES
  (1,12)
,(2,28)
,(3,29)
,(4,24)
,(5,18)
,(6,39)
,(7,33)
,(8,22)
,(9,40)
,(10,37)
,(11,39)
,(12,9)
,(13,12)
,(14,22)
,(15,40)
,(16,10)
,(17,28)
,(18,35)
,(19,35)
,(20,9)
,(21,35)
,(22,11)
,(23,22)
,(24,37)
,(25,36)
,(26,25)
,(27,33)
,(28,2)
,(29,27)
,(30,3)
,(31,20)
,(32,16)
,(33,25)
,(34,4)
,(35,7)
,(36,20)
,(37,27)
,(38,17)
,(39,40)
,(40,4);




DROP TABLE IF EXISTS `TicketTypes`;

CREATE TABLE TicketTypes
(
    ticket_type_id int AUTO_INCREMENT PRIMARY KEY,
    type_name      varchar(50) NOT NULL
);

INSERT INTO TicketTypes (ticket_type_id, type_name)
VALUES (1, 'Bug Fix'),
       (2, 'Feature Development'),
       (3, 'Code Review'),
       (4, 'UI Design'),
       (5, 'Backend Development'),
       (6, 'Frontend Development'),
       (7, 'Database Administration'),
       (8, 'Documentation'),
       (9, 'Security Audit'),
       (10, 'Deployment'),
       (11, 'Integration Testing'),
       (12, 'Unit Testing'),
       (13, 'Performance Testing'),
       (14, 'UX Research'),
       (15, 'Requirements Gathering'),
       (16, 'Project Management'),
       (17, 'Technical Writing'),
       (18, 'Infrastructure Setup'),
       (19, 'Data Analysis'),
       (20, 'Training');



DROP TABLE IF EXISTS `Tickets`;

CREATE TABLE Tickets
(
    ticket_id      int AUTO_INCREMENT,
    project_id     int,
    ticket_type_id int,
    PRIMARY KEY (ticket_id, project_id, ticket_type_id),
    ticket_name    varchar(200) NOT NULL,
    description    varchar(500) NOT NULL,
    CONSTRAINT fk_7 FOREIGN KEY (project_id) REFERENCES Projects (project_id)
        ON DELETE CASCADE
        ON UPDATE CASCADE,
    CONSTRAINT fk_8 FOREIGN KEY (ticket_type_id) REFERENCES TicketTypes (ticket_type_id)
        ON DELETE CASCADE
        ON UPDATE CASCADE
);

INSERT INTO Tickets(ticket_id, project_id, ticket_type_id, ticket_name, description)
VALUES (1, 1, 1, 'Capsicum pubescens Ruiz & Pav.',
        'Donec diam neque, vestibulum eget, vulputate ut, ultrices vel, augue. Vestibulum ante ipsum primis in faucibus orci luctus et ultrices posuere cubilia Curae; Donec pharetra, magna vestibulum aliquet ultrices, erat tortor sollicitudin mi, sit amet lobortis sapien sapien non mi. Integer ac neque.')
     , (2, 2, 13, 'Eriogonum heermannii Durand & Hilg. var. humilius (S. Stokes) Reveal',
        'Maecenas ut massa quis augue luctus tincidunt. Nulla mollis molestie lorem. Quisque ut erat.')
     , (3, 3, 19, 'Serjania brachycarpa A. Gray',
        'Fusce posuere felis sed lacus. Morbi sem mauris, laoreet ut, rhoncus aliquet, pulvinar sed, nisl. Nunc rhoncus dui vel sem.')
     , (4, 4, 9, 'Saxifraga nidifica Greene',
        'In sagittis dui vel nisl. Duis ac nibh. Fusce lacus purus, aliquet at, feugiat non, pretium quis, lectus.')
     , (5, 5, 20, 'Brassia caudata (L.) Lindl.',
        'Fusce posuere felis sed lacus. Morbi sem mauris, laoreet ut, rhoncus aliquet, pulvinar sed, nisl. Nunc rhoncus dui vel sem.')
     , (6, 6, 19, 'Pritchardia viscosa Rock',
        'Vestibulum ac est lacinia nisi venenatis tristique. Fusce congue, diam id ornare imperdiet, sapien urna pretium nisl, ut volutpat sapien arcu sed augue. Aliquam erat volutpat.')
     , (7, 7, 6, 'Physalis mollis Nutt.', 'In congue. Etiam justo. Etiam pretium iaculis justo.')
     , (8, 8, 18, 'Pityopsis graminifolia (Michx.) Nutt.',
        'Aenean fermentum. Donec ut mauris eget massa tempor convallis. Nulla neque libero, convallis eget, eleifend luctus, ultricies eu, nibh.')
     , (9, 9, 19, 'Brassica oleracea L. var. costata DC.',
        'Mauris enim leo, rhoncus sed, vestibulum sit amet, cursus id, turpis. Integer aliquet, massa id lobortis convallis, tortor risus dapibus augue, vel accumsan tellus nisi eu orci. Mauris lacinia sapien quis libero.')
     , (10, 10, 13, 'Astrolepis Benham & Windham',
        'Maecenas tristique, est et tempus semper, est quam pharetra magna, ac consequat metus sapien ut nunc. Vestibulum ante ipsum primis in faucibus orci luctus et ultrices posuere cubilia Curae; Mauris viverra diam vitae quam. Suspendisse potenti.')
     , (11, 11, 20, 'Paspalum dilatatum Poir. var. pauciciliatum Parodi',
        'Vestibulum quam sapien, varius ut, blandit non, interdum in, ante. Vestibulum ante ipsum primis in faucibus orci luctus et ultrices posuere cubilia Curae; Duis faucibus accumsan odio. Curabitur convallis.')
     , (12, 12, 14, 'Xylographa disseminata Willey',
        'Nulla ut erat id mauris vulputate elementum. Nullam varius. Nulla facilisi.')
     , (13, 13, 1, 'Condalia globosa I.M. Johnst. var. pubescens I.M. Johnst.',
        'Aliquam quis turpis eget elit sodales scelerisque. Mauris sit amet eros. Suspendisse accumsan tortor quis turpis.')
     , (14, 14, 8, 'Cornus ×friedlanderi W.H. Wagner',
        'Quisque id justo sit amet sapien dignissim vestibulum. Vestibulum ante ipsum primis in faucibus orci luctus et ultrices posuere cubilia Curae; Nulla dapibus dolor vel est. Donec odio justo, sollicitudin ut, suscipit a, feugiat et, eros.')
     , (15, 15, 2, 'Dipsacus L.',
        'Nulla ut erat id mauris vulputate elementum. Nullam varius. Nulla facilisi.')
     , (16, 16, 2, 'Juncus tenuis Willd.',
        'Cras mi pede, malesuada in, imperdiet et, commodo vulputate, justo. In blandit ultrices enim. Lorem ipsum dolor sit amet, consectetuer adipiscing elit.')
     , (17, 17, 8, 'Penstemon arenarius Greene',
        'Maecenas leo odio, condimentum id, luctus nec, molestie sed, justo. Pellentesque viverra pede ac diam. Cras pellentesque volutpat dui.')
     , (18, 18, 7, 'Hedeoma hyssopifolia A. Gray',
        'Cras non velit nec nisi vulputate nonummy. Maecenas tincidunt lacus at velit. Vivamus vel nulla eget eros elementum pellentesque.')
     , (19, 19, 9, 'Festuca airoides Lam. [excluded]',
        'Praesent id massa id nisl venenatis lacinia. Aenean sit amet justo. Morbi ut odio.')
     , (20, 20, 18, 'Plagiobothrys torreyi (A. Gray) A. Gray var. diffusus (Greene) I.M. Johnst.',
        'Integer ac leo. Pellentesque ultrices mattis odio. Donec vitae nisi.')
     , (21, 21, 7, 'Diplacus fasciculatus (Pennell) McMinn',
        'Lorem ipsum dolor sit amet, consectetuer adipiscing elit. Proin risus. Praesent lectus.')
     , (22, 22, 18, 'Carex eleusinoides Turcz. ex C.A. Mey.',
        'In hac habitasse platea dictumst. Etiam faucibus cursus urna. Ut tellus.')
     , (23, 23, 17, 'Eichhornia crassipes (Mart.) Solms',
        'Duis bibendum, felis sed interdum venenatis, turpis enim blandit mi, in porttitor pede justo eu massa. Donec dapibus. Duis at velit eu est congue elementum.')
     , (24, 24, 1, 'Broussonetia papyrifera (L.) L''Hér. ex Vent.',
        'In quis justo. Maecenas rhoncus aliquam lacus. Morbi quis tortor id nulla ultrices aliquet.')
     , (25, 25, 18, 'Eragrostis pectinacea (Michx.) Nees ex Steud. var. miserrima (Fourn.) J. Reeder',
        'Maecenas leo odio, condimentum id, luctus nec, molestie sed, justo. Pellentesque viverra pede ac diam. Cras pellentesque volutpat dui.')
     , (26, 26, 9, 'Eriogonum heermannii Durand & Hilg. var. subspinosum Reveal',
        'Curabitur in libero ut massa volutpat convallis. Morbi odio odio, elementum eu, interdum eu, tincidunt in, leo. Maecenas pulvinar lobortis est.')
     , (27, 27, 7, 'Stipa krylovii Roshev.',
        'Praesent blandit. Nam nulla. Integer pede justo, lacinia eget, tincidunt eget, tempus vel, pede.')
     , (28, 28, 10, 'Dichanthelium acuminatum (Sw.) Gould & C.A. Clark var. acuminatum',
        'Nam ultrices, libero non mattis pulvinar, nulla pede ullamcorper augue, a suscipit nulla elit ac nulla. Sed vel enim sit amet nunc viverra dapibus. Nulla suscipit ligula in lacus.')
     , (29, 29, 12, 'Rubus flavinanus Blanch.',
        'Aliquam quis turpis eget elit sodales scelerisque. Mauris sit amet eros. Suspendisse accumsan tortor quis turpis.')
     , (30, 30, 18, 'Asplenium abscissum Willd.',
        'Quisque id justo sit amet sapien dignissim vestibulum. Vestibulum ante ipsum primis in faucibus orci luctus et ultrices posuere cubilia Curae; Nulla dapibus dolor vel est. Donec odio justo, sollicitudin ut, suscipit a, feugiat et, eros.')
     , (31, 31, 15, 'Ramalina pollinaria (Westr.) Ach.',
        'Vestibulum quam sapien, varius ut, blandit non, interdum in, ante. Vestibulum ante ipsum primis in faucibus orci luctus et ultrices posuere cubilia Curae; Duis faucibus accumsan odio. Curabitur convallis.')
     , (32, 32, 17, 'Parnassia palustris L. var. tenuis Wahlenb.',
        'Donec diam neque, vestibulum eget, vulputate ut, ultrices vel, augue. Vestibulum ante ipsum primis in faucibus orci luctus et ultrices posuere cubilia Curae; Donec pharetra, magna vestibulum aliquet ultrices, erat tortor sollicitudin mi, sit amet lobortis sapien sapien non mi. Integer ac neque.')
     , (33, 33, 6, 'Hedwigia P. Beauv.',
        'Cras non velit nec nisi vulputate nonummy. Maecenas tincidunt lacus at velit. Vivamus vel nulla eget eros elementum pellentesque.')
     , (34, 34, 15, 'Rosa nutkana C. Presl var. nutkana',
        'Quisque porta volutpat erat. Quisque erat eros, viverra eget, congue eget, semper rutrum, nulla. Nunc purus.')
     , (35, 35, 12, 'Eriophyllum lanatum (Pursh) Forbes var. croceum (Greene) Jeps.',
        'Maecenas tristique, est et tempus semper, est quam pharetra magna, ac consequat metus sapien ut nunc. Vestibulum ante ipsum primis in faucibus orci luctus et ultrices posuere cubilia Curae; Mauris viverra diam vitae quam. Suspendisse potenti.')
     , (36, 36, 20, 'Triteleia hendersonii Greene var. hendersonii',
        'Donec diam neque, vestibulum eget, vulputate ut, ultrices vel, augue. Vestibulum ante ipsum primis in faucibus orci luctus et ultrices posuere cubilia Curae; Donec pharetra, magna vestibulum aliquet ultrices, erat tortor sollicitudin mi, sit amet lobortis sapien sapien non mi. Integer ac neque.')
     , (37, 37, 20, 'Artemisia glomerata Ledeb.',
        'Proin interdum mauris non ligula pellentesque ultrices. Phasellus id sapien in sapien iaculis congue. Vivamus metus arcu, adipiscing molestie, hendrerit at, vulputate vitae, nisl.')
     , (38, 38, 9, 'Polygala palmeri S. Watson', 'In congue. Etiam justo. Etiam pretium iaculis justo.')
     , (39, 39, 2, 'Clarkia modesta Jeps.',
        'Duis bibendum, felis sed interdum venenatis, turpis enim blandit mi, in porttitor pede justo eu massa. Donec dapibus. Duis at velit eu est congue elementum.')
     , (40, 40, 10, 'Pulsatilla vulgaris Mill.',
        'Phasellus sit amet erat. Nulla tempus. Vivamus in felis eu sapien cursus vestibulum.')
     , (41, 1, 15, 'Camelina sativa (L.) Crantz ssp. alyssum (Mill.) E. Schmid',
        'Aliquam quis turpis eget elit sodales scelerisque. Mauris sit amet eros. Suspendisse accumsan tortor quis turpis.')
     , (42, 2, 8, 'Chrysothamnus linifolius Greene',
        'In sagittis dui vel nisl. Duis ac nibh. Fusce lacus purus, aliquet at, feugiat non, pretium quis, lectus.')
     , (43, 3, 2, 'Rubus chamaemorus L.',
        'Vestibulum ac est lacinia nisi venenatis tristique. Fusce congue, diam id ornare imperdiet, sapien urna pretium nisl, ut volutpat sapien arcu sed augue. Aliquam erat volutpat.')
     , (44, 4, 7, 'Iberis sempervirens L.',
        'Quisque id justo sit amet sapien dignissim vestibulum. Vestibulum ante ipsum primis in faucibus orci luctus et ultrices posuere cubilia Curae; Nulla dapibus dolor vel est. Donec odio justo, sollicitudin ut, suscipit a, feugiat et, eros.')
     , (45, 5, 16, 'Pseudognaphalium canescens (DC.) W.A. Weber ssp. microcephalum (Nutt.) Kartesz',
        'Maecenas leo odio, condimentum id, luctus nec, molestie sed, justo. Pellentesque viverra pede ac diam. Cras pellentesque volutpat dui.')
     , (46, 6, 20, 'Clarkia jolonensis Parnell',
        'Vestibulum ac est lacinia nisi venenatis tristique. Fusce congue, diam id ornare imperdiet, sapien urna pretium nisl, ut volutpat sapien arcu sed augue. Aliquam erat volutpat.')
     , (47, 7, 17, 'Silphium laciniatum L. var. laciniatum',
        'Nulla ut erat id mauris vulputate elementum. Nullam varius. Nulla facilisi.')
     , (48, 8, 6, 'Cyrtandra macraei A. Gray',
        'Mauris enim leo, rhoncus sed, vestibulum sit amet, cursus id, turpis. Integer aliquet, massa id lobortis convallis, tortor risus dapibus augue, vel accumsan tellus nisi eu orci. Mauris lacinia sapien quis libero.')
     , (49, 9, 3, 'Brickellia parvula A. Gray', 'Phasellus in felis. Donec semper sapien a libero. Nam dui.')
     , (50, 10, 17, 'Draba cusickii B.L. Rob. ex O.E. Schulz',
        'Quisque porta volutpat erat. Quisque erat eros, viverra eget, congue eget, semper rutrum, nulla. Nunc purus.')
     , (51, 11, 11, 'Buellia capitis-regnum W.A. Weber',
        'Duis aliquam convallis nunc. Proin at turpis a pede posuere nonummy. Integer non velit.')
     , (52, 12, 19, 'Poa lettermanii Vasey',
        'Sed sagittis. Nam congue, risus semper porta volutpat, quam pede lobortis ligula, sit amet eleifend pede libero quis orci. Nullam molestie nibh in lectus.')
     , (53, 13, 10, 'Strychnos spinosa Lam.',
        'Suspendisse potenti. In eleifend quam a odio. In hac habitasse platea dictumst.')
     , (54, 14, 11, 'Bidens bigelovii A. Gray var. angustiloba (DC.) R.E. Ballard ex Melchert',
        'Maecenas tristique, est et tempus semper, est quam pharetra magna, ac consequat metus sapien ut nunc. Vestibulum ante ipsum primis in faucibus orci luctus et ultrices posuere cubilia Curae; Mauris viverra diam vitae quam. Suspendisse potenti.')
     , (55, 15, 7, 'Phemeranthus calcaricus (Ware) Kiger',
        'In quis justo. Maecenas rhoncus aliquam lacus. Morbi quis tortor id nulla ultrices aliquet.')
     , (56, 16, 9, 'Hordeum bulbosum L.',
        'Proin leo odio, porttitor id, consequat in, consequat ut, nulla. Sed accumsan felis. Ut at dolor quis odio consequat varius.')
     , (57, 17, 5, 'Plagiobothrys collinus (Phil.) I.M. Johnst. var. gracilis (I.M. Johnst.) L.C. Higgins',
        'Vestibulum ac est lacinia nisi venenatis tristique. Fusce congue, diam id ornare imperdiet, sapien urna pretium nisl, ut volutpat sapien arcu sed augue. Aliquam erat volutpat.')
     , (58, 18, 15, 'Mnium ambiguum H. Müll.',
        'Cum sociis natoque penatibus et magnis dis parturient montes, nascetur ridiculus mus. Vivamus vestibulum sagittis sapien. Cum sociis natoque penatibus et magnis dis parturient montes, nascetur ridiculus mus.')
     , (59, 19, 16, 'Grimmia elongata Kaulf.',
        'Sed sagittis. Nam congue, risus semper porta volutpat, quam pede lobortis ligula, sit amet eleifend pede libero quis orci. Nullam molestie nibh in lectus.')
     , (60, 20, 4, 'Vaccinium boreale I.V. Hall & Aalders',
        'In hac habitasse platea dictumst. Etiam faucibus cursus urna. Ut tellus.')
     , (61, 21, 13, 'Renealmia jamaicensis (Gaertn.) Horan. var. puberula (Gagnep.) Maas',
        'Cum sociis natoque penatibus et magnis dis parturient montes, nascetur ridiculus mus. Vivamus vestibulum sagittis sapien. Cum sociis natoque penatibus et magnis dis parturient montes, nascetur ridiculus mus.')
     , (62, 22, 15, 'Castilleja foliolosa Hook. & Arn.',
        'Mauris enim leo, rhoncus sed, vestibulum sit amet, cursus id, turpis. Integer aliquet, massa id lobortis convallis, tortor risus dapibus augue, vel accumsan tellus nisi eu orci. Mauris lacinia sapien quis libero.')
     , (63, 23, 17, 'Podistera yukonensis Mathias & Constance',
        'Duis bibendum, felis sed interdum venenatis, turpis enim blandit mi, in porttitor pede justo eu massa. Donec dapibus. Duis at velit eu est congue elementum.')
     , (64, 24, 18, 'Vitis tiliifolia Humb. & Bonpl. ex Schult.',
        'Morbi porttitor lorem id ligula. Suspendisse ornare consequat lectus. In est risus, auctor sed, tristique in, tempus sit amet, sem.')
     , (65, 25, 20, 'Clerodendrum trichotomum Thunb. var. ferrugineum Nakai',
        'In congue. Etiam justo. Etiam pretium iaculis justo.')
     , (66, 26, 19, 'Vallisneria gigantea Graebn.',
        'In sagittis dui vel nisl. Duis ac nibh. Fusce lacus purus, aliquet at, feugiat non, pretium quis, lectus.')
     , (67, 27, 7, 'Frasera tubulosa Coville',
        'Aliquam quis turpis eget elit sodales scelerisque. Mauris sit amet eros. Suspendisse accumsan tortor quis turpis.')
     , (68, 28, 13, 'Salix L.',
        'Sed sagittis. Nam congue, risus semper porta volutpat, quam pede lobortis ligula, sit amet eleifend pede libero quis orci. Nullam molestie nibh in lectus.')
     , (69, 29, 7, 'Verrucaria canella Nyl.',
        'Duis bibendum, felis sed interdum venenatis, turpis enim blandit mi, in porttitor pede justo eu massa. Donec dapibus. Duis at velit eu est congue elementum.')
     , (70, 30, 11, 'Cladonia perforata A. Evans',
        'Integer ac leo. Pellentesque ultrices mattis odio. Donec vitae nisi.')
     , (71, 31, 10, 'Carex lasiocarpa Ehrh.',
        'Maecenas tristique, est et tempus semper, est quam pharetra magna, ac consequat metus sapien ut nunc. Vestibulum ante ipsum primis in faucibus orci luctus et ultrices posuere cubilia Curae; Mauris viverra diam vitae quam. Suspendisse potenti.')
     , (72, 32, 7, 'Cirsium horridulum Michx. var. vittatum (Small) R.W. Long',
        'Suspendisse potenti. In eleifend quam a odio. In hac habitasse platea dictumst.')
     , (73, 33, 6, 'Ottochloa nodosa (Kunth) Dandy',
        'Aliquam quis turpis eget elit sodales scelerisque. Mauris sit amet eros. Suspendisse accumsan tortor quis turpis.')
     , (74, 34, 17, 'Arthonia granosa de Lesd.',
        'Suspendisse potenti. In eleifend quam a odio. In hac habitasse platea dictumst.')
     , (75, 35, 10, 'Tauschia stricklandii (J.M. Coult. & Rose) Mathias & Constance',
        'Aenean lectus. Pellentesque eget nunc. Donec quis orci eget orci vehicula condimentum.')
     , (76, 36, 14, 'Caloplaca quercicola H. Magn.',
        'Sed sagittis. Nam congue, risus semper porta volutpat, quam pede lobortis ligula, sit amet eleifend pede libero quis orci. Nullam molestie nibh in lectus.')
     , (77, 37, 4, 'Cirsium occidentale (Nutt.) Jeps. var. occidentale',
        'Curabitur in libero ut massa volutpat convallis. Morbi odio odio, elementum eu, interdum eu, tincidunt in, leo. Maecenas pulvinar lobortis est.')
     , (78, 38, 19, 'Artemisia kauaiensis (Skottsb.) Skottsb.',
        'Duis consequat dui nec nisi volutpat eleifend. Donec ut dolor. Morbi vel lectus in quam fringilla rhoncus.')
     , (79, 39, 19, 'Roccella fimbriata Darbish.',
        'Aliquam quis turpis eget elit sodales scelerisque. Mauris sit amet eros. Suspendisse accumsan tortor quis turpis.')
     , (80, 40, 15, 'Phacelia hastata Douglas ex Lehm. var. charlestonensis Cronquist',
        'Vestibulum ac est lacinia nisi venenatis tristique. Fusce congue, diam id ornare imperdiet, sapien urna pretium nisl, ut volutpat sapien arcu sed augue. Aliquam erat volutpat.')
     , (81, 1, 19, 'Machaeranthera pinnatifida (Hook.) Shinners',
        'Sed ante. Vivamus tortor. Duis mattis egestas metus.')
     , (82, 2, 5, 'Physostigma Balf.',
        'Maecenas leo odio, condimentum id, luctus nec, molestie sed, justo. Pellentesque viverra pede ac diam. Cras pellentesque volutpat dui.')
     , (83, 3, 11, 'Polygonella basiramia (Small) G.L. Nesom & V.M. Bates',
        'Nam ultrices, libero non mattis pulvinar, nulla pede ullamcorper augue, a suscipit nulla elit ac nulla. Sed vel enim sit amet nunc viverra dapibus. Nulla suscipit ligula in lacus.')
     , (84, 4, 3, 'Quercus ×deamii Trel.',
        'Lorem ipsum dolor sit amet, consectetuer adipiscing elit. Proin risus. Praesent lectus.')
     , (85, 5, 15, 'Hastingsia alba (Durand) S. Watson',
        'Integer tincidunt ante vel ipsum. Praesent blandit lacinia erat. Vestibulum sed magna at nunc commodo placerat.')
     , (86, 6, 10, 'Paeonia officinalis L.',
        'Integer ac leo. Pellentesque ultrices mattis odio. Donec vitae nisi.')
     , (87, 7, 2, 'Wyethia helenioides (DC.) Nutt.',
        'Maecenas ut massa quis augue luctus tincidunt. Nulla mollis molestie lorem. Quisque ut erat.')
     , (88, 8, 3, 'Arnoglossum album L.C. Anderson',
        'Proin interdum mauris non ligula pellentesque ultrices. Phasellus id sapien in sapien iaculis congue. Vivamus metus arcu, adipiscing molestie, hendrerit at, vulputate vitae, nisl.')
     , (89, 9, 8, 'Galeopsis L.',
        'Maecenas leo odio, condimentum id, luctus nec, molestie sed, justo. Pellentesque viverra pede ac diam. Cras pellentesque volutpat dui.')
     , (90, 10, 4, 'Pimenta racemosa (Mill.) J.W. Moore var. racemosa',
        'Phasellus in felis. Donec semper sapien a libero. Nam dui.')
     , (91, 11, 2, 'Echinomastus warnockii (L.D. Benson) Glass & R.A. Foster',
        'Maecenas leo odio, condimentum id, luctus nec, molestie sed, justo. Pellentesque viverra pede ac diam. Cras pellentesque volutpat dui.')
     , (92, 12, 10, 'Equisetum ×font-queri Rothm.',
        'Suspendisse potenti. In eleifend quam a odio. In hac habitasse platea dictumst.')
     , (93, 13, 11, 'Lessingia hololeuca Greene',
        'Praesent blandit. Nam nulla. Integer pede justo, lacinia eget, tincidunt eget, tempus vel, pede.')
     , (94, 14, 10, 'Erigeron ovinus Cronquist',
        'Duis bibendum, felis sed interdum venenatis, turpis enim blandit mi, in porttitor pede justo eu massa. Donec dapibus. Duis at velit eu est congue elementum.')
     , (95, 15, 5, 'Hesperaloe parviflora (Torr.) J.M. Coult. var. parviflora',
        'Curabitur gravida nisi at nibh. In hac habitasse platea dictumst. Aliquam augue quam, sollicitudin vitae, consectetuer eget, rutrum at, lorem.')
     , (96, 16, 1, 'Bacidia kingmanii Hasse',
        'Fusce posuere felis sed lacus. Morbi sem mauris, laoreet ut, rhoncus aliquet, pulvinar sed, nisl. Nunc rhoncus dui vel sem.')
     , (97, 17, 6, 'Eriophorum ×churchillianum Lepage',
        'Proin eu mi. Nulla ac enim. In tempor, turpis nec euismod scelerisque, quam turpis adipiscing lorem, vitae mattis nibh ligula nec sem.')
     , (98, 18, 15, 'Pycnanthemum verticillatum (Michx.) Pers. var. verticillatum',
        'Aenean fermentum. Donec ut mauris eget massa tempor convallis. Nulla neque libero, convallis eget, eleifend luctus, ultricies eu, nibh.')
     , (99, 19, 11, 'Ericameria cuneata (A. Gray) McClatchie',
        'Nullam sit amet turpis elementum ligula vehicula consequat. Morbi a ipsum. Integer a nibh.')
     , (100, 20, 13, 'Stenochlaena tenuifolia (Desv.) T. Moore',
        'Sed sagittis. Nam congue, risus semper porta volutpat, quam pede lobortis ligula, sit amet eleifend pede libero quis orci. Nullam molestie nibh in lectus.')
     , (101, 21, 3, 'Brassica parachinensis L.H. Bailey',
        'Sed sagittis. Nam congue, risus semper porta volutpat, quam pede lobortis ligula, sit amet eleifend pede libero quis orci. Nullam molestie nibh in lectus.')
     , (102, 22, 13, 'Carex cephalophora Muhl. ex Willd.',
        'Morbi non lectus. Aliquam sit amet diam in magna bibendum imperdiet. Nullam orci pede, venenatis non, sodales sed, tincidunt eu, felis.')
     , (103, 23, 3, 'Quercus suber L.',
        'Aenean fermentum. Donec ut mauris eget massa tempor convallis. Nulla neque libero, convallis eget, eleifend luctus, ultricies eu, nibh.')
     , (104, 24, 6, 'Philadelphus pumilus Rydb. var. pumilus',
        'Nulla ut erat id mauris vulputate elementum. Nullam varius. Nulla facilisi.')
     , (105, 25, 10, 'Psacalium Cass.',
        'Integer tincidunt ante vel ipsum. Praesent blandit lacinia erat. Vestibulum sed magna at nunc commodo placerat.')
     , (106, 26, 9, 'Caragana Fabr.', 'Phasellus in felis. Donec semper sapien a libero. Nam dui.')
     , (107, 27, 7, 'Astragalus geyeri A. Gray',
        'Integer ac leo. Pellentesque ultrices mattis odio. Donec vitae nisi.')
     , (108, 28, 20, 'Polytrichum sexangulare Brid.',
        'Cum sociis natoque penatibus et magnis dis parturient montes, nascetur ridiculus mus. Vivamus vestibulum sagittis sapien. Cum sociis natoque penatibus et magnis dis parturient montes, nascetur ridiculus mus.')
     , (109, 29, 20, 'Nymphaea alba L.',
        'Suspendisse potenti. In eleifend quam a odio. In hac habitasse platea dictumst.')
     , (110, 30, 1, 'Coreopsis stillmanii (A. Gray) S.F. Blake',
        'In hac habitasse platea dictumst. Morbi vestibulum, velit id pretium iaculis, diam erat fermentum justo, nec condimentum neque sapien placerat ante. Nulla justo.')
     , (111, 31, 16, 'Nephelium L.',
        'Maecenas leo odio, condimentum id, luctus nec, molestie sed, justo. Pellentesque viverra pede ac diam. Cras pellentesque volutpat dui.')
     , (112, 32, 14, 'Funaria flavicans Michx.',
        'Lorem ipsum dolor sit amet, consectetuer adipiscing elit. Proin risus. Praesent lectus.')
     , (113, 33, 11, 'Senecio eremophilus Richardson',
        'Fusce posuere felis sed lacus. Morbi sem mauris, laoreet ut, rhoncus aliquet, pulvinar sed, nisl. Nunc rhoncus dui vel sem.')
     , (114, 34, 11, 'Thuja occidentalis L.',
        'Proin eu mi. Nulla ac enim. In tempor, turpis nec euismod scelerisque, quam turpis adipiscing lorem, vitae mattis nibh ligula nec sem.')
     , (115, 35, 19, 'Linanthus dianthiflorus (Benth.) Greene',
        'Maecenas ut massa quis augue luctus tincidunt. Nulla mollis molestie lorem. Quisque ut erat.')
     , (116, 36, 8, 'Gypsophila repens L.',
        'Proin eu mi. Nulla ac enim. In tempor, turpis nec euismod scelerisque, quam turpis adipiscing lorem, vitae mattis nibh ligula nec sem.')
     , (117, 37, 6, 'Caesalpinia coriaria (Jacq.) Willd.',
        'Vestibulum quam sapien, varius ut, blandit non, interdum in, ante. Vestibulum ante ipsum primis in faucibus orci luctus et ultrices posuere cubilia Curae; Duis faucibus accumsan odio. Curabitur convallis.')
     , (118, 38, 12, 'Pyrenopsis furfurea (Nyl.) Th. Fr.',
        'Vestibulum quam sapien, varius ut, blandit non, interdum in, ante. Vestibulum ante ipsum primis in faucibus orci luctus et ultrices posuere cubilia Curae; Duis faucibus accumsan odio. Curabitur convallis.')
     , (119, 39, 13, 'Euonymus bungeanus Maxim.', 'Sed ante. Vivamus tortor. Duis mattis egestas metus.')
     , (120, 40, 2, 'Gilia achilleifolia Benth.',
        'Proin interdum mauris non ligula pellentesque ultrices. Phasellus id sapien in sapien iaculis congue. Vivamus metus arcu, adipiscing molestie, hendrerit at, vulputate vitae, nisl.')
     , (121, 1, 1, 'Erigeron heliographis G.L. Nesom',
        'Aenean lectus. Pellentesque eget nunc. Donec quis orci eget orci vehicula condimentum.')
     , (122, 2, 1, 'Viola striata Aiton',
        'Duis bibendum, felis sed interdum venenatis, turpis enim blandit mi, in porttitor pede justo eu massa. Donec dapibus. Duis at velit eu est congue elementum.')
     , (123, 3, 18, 'Gymnema sylvestre (Retz.) Schult.',
        'Etiam vel augue. Vestibulum rutrum rutrum neque. Aenean auctor gravida sem.')
     , (124, 4, 18, 'Dudleya palmeri (S. Watson) Britton & Rose',
        'Praesent id massa id nisl venenatis lacinia. Aenean sit amet justo. Morbi ut odio.')
     , (125, 5, 2, 'Phoenicaulis Nutt.',
        'Praesent id massa id nisl venenatis lacinia. Aenean sit amet justo. Morbi ut odio.')
     , (126, 6, 14, 'Odontosoria aculeata (L.) J. Sm.',
        'Lorem ipsum dolor sit amet, consectetuer adipiscing elit. Proin risus. Praesent lectus.')
     , (127, 7, 5, 'Dyschoriste linearis (Torr. & A. Gray) Kuntze var. sanpatriciensis Henrickson',
        'Maecenas ut massa quis augue luctus tincidunt. Nulla mollis molestie lorem. Quisque ut erat.')
     , (128, 8, 9, 'Zeuxine fritzii Schltr.',
        'Proin leo odio, porttitor id, consequat in, consequat ut, nulla. Sed accumsan felis. Ut at dolor quis odio consequat varius.')
     , (129, 9, 3, 'Bryoria tortuosa (G. Merr.) Brodo & D. Hawksw.',
        'Pellentesque at nulla. Suspendisse potenti. Cras in purus eu magna vulputate luctus.')
     , (130, 10, 3, 'Oonopsis foliosa (A. Gray) Greene var. monocephala (A. Nelson) Kartesz & Gandhi',
        'Curabitur at ipsum ac tellus semper interdum. Mauris ullamcorper purus sit amet nulla. Quisque arcu libero, rutrum ac, lobortis vel, dapibus at, diam.')
     , (131, 11, 12, 'Monarda punctata L. ssp. punctata var. intermedia (E.M. McClint. & Epling) Waterf.',
        'Phasellus in felis. Donec semper sapien a libero. Nam dui.')
     , (132, 12, 12, 'Artemisia glomerata Ledeb. var. glomerata',
        'Duis bibendum. Morbi non quam nec dui luctus rutrum. Nulla tellus.')
     , (133, 13, 9, 'Anoda Cav.',
        'Morbi porttitor lorem id ligula. Suspendisse ornare consequat lectus. In est risus, auctor sed, tristique in, tempus sit amet, sem.')
     , (134, 14, 18, 'Candelariella rosulans (Müll. Arg.) Zahlbr.',
        'Proin interdum mauris non ligula pellentesque ultrices. Phasellus id sapien in sapien iaculis congue. Vivamus metus arcu, adipiscing molestie, hendrerit at, vulputate vitae, nisl.')
     , (135, 15, 14, 'Grammitis hookeri (Brack.) Copeland',
        'Fusce posuere felis sed lacus. Morbi sem mauris, laoreet ut, rhoncus aliquet, pulvinar sed, nisl. Nunc rhoncus dui vel sem.')
     , (136, 16, 5, 'Botrychium hesperium (Maxon & R.T. Clausen) W.H. Wagner & Lellinger',
        'Cum sociis natoque penatibus et magnis dis parturient montes, nascetur ridiculus mus. Vivamus vestibulum sagittis sapien. Cum sociis natoque penatibus et magnis dis parturient montes, nascetur ridiculus mus.')
     , (137, 17, 9, 'Romulea rosea (L.) Eckl. var. australis (Ewart) de Vos',
        'In congue. Etiam justo. Etiam pretium iaculis justo.')
     , (138, 18, 3, 'Antennaria rosulata Rydb.',
        'In hac habitasse platea dictumst. Etiam faucibus cursus urna. Ut tellus.')
     , (139, 19, 18, 'Douglasia alaskana (Coville & Standl. ex Hultén) S. Kelso',
        'Vestibulum quam sapien, varius ut, blandit non, interdum in, ante. Vestibulum ante ipsum primis in faucibus orci luctus et ultrices posuere cubilia Curae; Duis faucibus accumsan odio. Curabitur convallis.')
     , (140, 20, 4, 'Pilocarpus Vahl',
        'Praesent id massa id nisl venenatis lacinia. Aenean sit amet justo. Morbi ut odio.')
     , (141, 21, 9, 'Thelypteris abrupta (Desv.) Proctor',
        'Donec diam neque, vestibulum eget, vulputate ut, ultrices vel, augue. Vestibulum ante ipsum primis in faucibus orci luctus et ultrices posuere cubilia Curae; Donec pharetra, magna vestibulum aliquet ultrices, erat tortor sollicitudin mi, sit amet lobortis sapien sapien non mi. Integer ac neque.')
     , (142, 22, 9, 'Smilax pulverulenta Michx.',
        'Praesent id massa id nisl venenatis lacinia. Aenean sit amet justo. Morbi ut odio.')
     , (143, 23, 7, 'Guilleminea densa (Humb. & Bonpl. ex Schult.) Moq.',
        'Proin leo odio, porttitor id, consequat in, consequat ut, nulla. Sed accumsan felis. Ut at dolor quis odio consequat varius.')
     , (144, 24, 11, 'Psoroma Michx.',
        'Aenean lectus. Pellentesque eget nunc. Donec quis orci eget orci vehicula condimentum.')
     , (145, 25, 10, 'Mancoa Weddell',
        'Curabitur gravida nisi at nibh. In hac habitasse platea dictumst. Aliquam augue quam, sollicitudin vitae, consectetuer eget, rutrum at, lorem.')
     , (146, 26, 16, 'Mentzelia involucrata S. Watson var. megalantha I.M. Johnst.',
        'Phasellus sit amet erat. Nulla tempus. Vivamus in felis eu sapien cursus vestibulum.')
     , (147, 27, 20, 'Wisteria frutescens (L.) Poir.',
        'Praesent id massa id nisl venenatis lacinia. Aenean sit amet justo. Morbi ut odio.')
     , (148, 28, 4, 'Melochia umbellata (Houtt.) Stapf', 'Fusce consequat. Nulla nisl. Nunc nisl.')
     , (149, 29, 10, 'Ranunculus flammula L.',
        'Duis bibendum. Morbi non quam nec dui luctus rutrum. Nulla tellus.')
     , (150, 30, 15, 'Carex davyi Mack.',
        'Nulla ut erat id mauris vulputate elementum. Nullam varius. Nulla facilisi.')
     , (151, 31, 6, 'Chrysopsis linearifolia Semple ssp. dressii Semple',
        'Duis bibendum. Morbi non quam nec dui luctus rutrum. Nulla tellus.')
     , (152, 32, 14, 'Dudleya pulverulenta (Nutt.) Britton & Rose ssp. pulverulenta',
        'Proin eu mi. Nulla ac enim. In tempor, turpis nec euismod scelerisque, quam turpis adipiscing lorem, vitae mattis nibh ligula nec sem.')
     , (153, 33, 11, 'Plantago erecta Morris',
        'Duis bibendum, felis sed interdum venenatis, turpis enim blandit mi, in porttitor pede justo eu massa. Donec dapibus. Duis at velit eu est congue elementum.')
     , (154, 34, 11, 'Polypogon viridis (Gouan) Breistr.',
        'Maecenas ut massa quis augue luctus tincidunt. Nulla mollis molestie lorem. Quisque ut erat.')
     , (155, 35, 17, 'Trematodon longicollis Michx.',
        'Aenean fermentum. Donec ut mauris eget massa tempor convallis. Nulla neque libero, convallis eget, eleifend luctus, ultricies eu, nibh.')
     , (156, 36, 8, 'Schistidium andreaeopsis (Müll. Hal.) Laz.',
        'Phasellus sit amet erat. Nulla tempus. Vivamus in felis eu sapien cursus vestibulum.')
     , (157, 37, 18, 'Coccotrema Müll. Arg.',
        'In hac habitasse platea dictumst. Etiam faucibus cursus urna. Ut tellus.')
     , (158, 38, 13, 'Malus ×magdeburgensis Hartwig',
        'Phasellus sit amet erat. Nulla tempus. Vivamus in felis eu sapien cursus vestibulum.')
     , (159, 39, 1, 'Pleopeltis Humb. & Bonpl. ex Willd.',
        'Proin eu mi. Nulla ac enim. In tempor, turpis nec euismod scelerisque, quam turpis adipiscing lorem, vitae mattis nibh ligula nec sem.')
     , (160, 40, 11, 'Gladiolus italicus Mill.', 'Sed ante. Vivamus tortor. Duis mattis egestas metus.')
     , (161, 1, 13, 'Quercus garryana Douglas ex Hook. var. semota Jeps.',
        'Proin interdum mauris non ligula pellentesque ultrices. Phasellus id sapien in sapien iaculis congue. Vivamus metus arcu, adipiscing molestie, hendrerit at, vulputate vitae, nisl.')
     , (162, 2, 3, 'Chaenactis alpigena Sharsm.',
        'Integer tincidunt ante vel ipsum. Praesent blandit lacinia erat. Vestibulum sed magna at nunc commodo placerat.')
     , (163, 3, 14, 'Pedicularis dudleyi Elmer',
        'Vestibulum quam sapien, varius ut, blandit non, interdum in, ante. Vestibulum ante ipsum primis in faucibus orci luctus et ultrices posuere cubilia Curae; Duis faucibus accumsan odio. Curabitur convallis.')
     , (164, 4, 5,
        'Descurainia incana (Bernh. ex Fisch. & C.A. Mey.) Dorn ssp. incisa (Engelm. ex A. Gray) Kartesz & Gandhi',
        'Nullam sit amet turpis elementum ligula vehicula consequat. Morbi a ipsum. Integer a nibh.')
     , (165, 5, 5, 'Hapalorchis lineatus (Lindl.) Schltr.',
        'Curabitur at ipsum ac tellus semper interdum. Mauris ullamcorper purus sit amet nulla. Quisque arcu libero, rutrum ac, lobortis vel, dapibus at, diam.')
     , (166, 6, 3, 'Penstemon eriantherus Pursh',
        'Maecenas tristique, est et tempus semper, est quam pharetra magna, ac consequat metus sapien ut nunc. Vestibulum ante ipsum primis in faucibus orci luctus et ultrices posuere cubilia Curae; Mauris viverra diam vitae quam. Suspendisse potenti.')
     , (167, 7, 11, 'Saltugilia australis (H. Mason & A.D. Grant) L.A. Johnson',
        'Curabitur at ipsum ac tellus semper interdum. Mauris ullamcorper purus sit amet nulla. Quisque arcu libero, rutrum ac, lobortis vel, dapibus at, diam.')
     , (168, 8, 20, 'Prunus caroliniana Aiton',
        'Quisque porta volutpat erat. Quisque erat eros, viverra eget, congue eget, semper rutrum, nulla. Nunc purus.')
     , (169, 9, 19, 'Erythroxylum novogranatense (Morris) Hieron.',
        'Donec diam neque, vestibulum eget, vulputate ut, ultrices vel, augue. Vestibulum ante ipsum primis in faucibus orci luctus et ultrices posuere cubilia Curae; Donec pharetra, magna vestibulum aliquet ultrices, erat tortor sollicitudin mi, sit amet lobortis sapien sapien non mi. Integer ac neque.')
     , (170, 10, 1, 'Anemone drummondii S. Watson ssp. drummondii',
        'Integer ac leo. Pellentesque ultrices mattis odio. Donec vitae nisi.')
     , (171, 11, 20, 'Bolandra oregana S. Watson',
        'Nullam sit amet turpis elementum ligula vehicula consequat. Morbi a ipsum. Integer a nibh.')
     , (172, 12, 18, 'Ochroma pyramidale (Cav. ex Lam.) Urb.',
        'Nullam sit amet turpis elementum ligula vehicula consequat. Morbi a ipsum. Integer a nibh.')
     , (173, 13, 4, 'Viola ×viarum Pollard',
        'Pellentesque at nulla. Suspendisse potenti. Cras in purus eu magna vulputate luctus.')
     , (174, 14, 5, 'Ctenium floridanum (Hitchc.) Hitchc.',
        'Phasellus sit amet erat. Nulla tempus. Vivamus in felis eu sapien cursus vestibulum.')
     , (175, 15, 11, 'Bromus arvensis L.',
        'In hac habitasse platea dictumst. Etiam faucibus cursus urna. Ut tellus.')
     , (176, 16, 7, 'Senecio californicus DC.', 'In congue. Etiam justo. Etiam pretium iaculis justo.')
     , (177, 17, 15, 'Dichanthelium laxiflorum (Lam.) Gould',
        'Proin eu mi. Nulla ac enim. In tempor, turpis nec euismod scelerisque, quam turpis adipiscing lorem, vitae mattis nibh ligula nec sem.')
     , (178, 18, 14, 'Platyschkuhria integrifolia (A. Gray) Rydb.',
        'Praesent blandit. Nam nulla. Integer pede justo, lacinia eget, tincidunt eget, tempus vel, pede.')
     , (179, 19, 2, 'Gymnanthes Sw.', 'Phasellus in felis. Donec semper sapien a libero. Nam dui.')
     , (180, 20, 9, 'Beta trojana A. Pamukc. ex Aellen',
        'Curabitur in libero ut massa volutpat convallis. Morbi odio odio, elementum eu, interdum eu, tincidunt in, leo. Maecenas pulvinar lobortis est.')
     , (181, 21, 3, 'Ruppia maritima L.',
        'Aliquam quis turpis eget elit sodales scelerisque. Mauris sit amet eros. Suspendisse accumsan tortor quis turpis.')
     , (182, 22, 15, 'Areca catechu L.',
        'In hac habitasse platea dictumst. Morbi vestibulum, velit id pretium iaculis, diam erat fermentum justo, nec condimentum neque sapien placerat ante. Nulla justo.')
     , (183, 23, 9, 'Pritchardia glabrata Becc. & Rock',
        'Phasellus sit amet erat. Nulla tempus. Vivamus in felis eu sapien cursus vestibulum.')
     , (184, 24, 5, 'Physcomitrium pygmaeum James',
        'Curabitur at ipsum ac tellus semper interdum. Mauris ullamcorper purus sit amet nulla. Quisque arcu libero, rutrum ac, lobortis vel, dapibus at, diam.')
     , (185, 25, 19, 'Nasturtium gambelii (S. Watson) O.E. Schulz',
        'Lorem ipsum dolor sit amet, consectetuer adipiscing elit. Proin risus. Praesent lectus.')
     , (186, 26, 3, 'Silphium wasiotense M. Medley',
        'Duis consequat dui nec nisi volutpat eleifend. Donec ut dolor. Morbi vel lectus in quam fringilla rhoncus.')
     , (187, 27, 3, 'Palafoxia riograndensis Cory',
        'In sagittis dui vel nisl. Duis ac nibh. Fusce lacus purus, aliquet at, feugiat non, pretium quis, lectus.')
     , (188, 28, 9, 'Clermontia pyrularia Hillebr.',
        'Quisque porta volutpat erat. Quisque erat eros, viverra eget, congue eget, semper rutrum, nulla. Nunc purus.')
     , (189, 29, 13, 'Carex gravida L.H. Bailey var. lunelliana (Mack.) F.J. Herm.',
        'Fusce posuere felis sed lacus. Morbi sem mauris, laoreet ut, rhoncus aliquet, pulvinar sed, nisl. Nunc rhoncus dui vel sem.')
     , (190, 30, 4, 'Mentzelia humilis (A. Gray) J. Darl. var. humilis',
        'Duis consequat dui nec nisi volutpat eleifend. Donec ut dolor. Morbi vel lectus in quam fringilla rhoncus.')
     , (191, 31, 5, 'Cyperus haspan L.',
        'Proin eu mi. Nulla ac enim. In tempor, turpis nec euismod scelerisque, quam turpis adipiscing lorem, vitae mattis nibh ligula nec sem.')
     , (192, 32, 19, 'Claytonia megarhiza (A. Gray) Parry ex S. Watson',
        'Proin leo odio, porttitor id, consequat in, consequat ut, nulla. Sed accumsan felis. Ut at dolor quis odio consequat varius.')
     , (193, 33, 8, 'Sphaeralcea ambigua A. Gray ssp. rugosa Kearney',
        'Pellentesque at nulla. Suspendisse potenti. Cras in purus eu magna vulputate luctus.')
     , (194, 34, 20, 'Lomatium thompsonii (Mathias) Cronquist',
        'Nullam porttitor lacus at turpis. Donec posuere metus vitae ipsum. Aliquam non mauris.')
     , (195, 35, 5, 'Physostegia angustifolia Fernald',
        'Lorem ipsum dolor sit amet, consectetuer adipiscing elit. Proin risus. Praesent lectus.')
     , (196, 36, 6, 'Photinia Lindl.',
        'In hac habitasse platea dictumst. Morbi vestibulum, velit id pretium iaculis, diam erat fermentum justo, nec condimentum neque sapien placerat ante. Nulla justo.')
     , (197, 37, 6, 'Antitrichia curtipendula (Hedw.) Brid. var. gigantea Sull. & Lesq.',
        'Cras mi pede, malesuada in, imperdiet et, commodo vulputate, justo. In blandit ultrices enim. Lorem ipsum dolor sit amet, consectetuer adipiscing elit.')
     , (198, 38, 11, 'Sarcogyne anthroocarpa H. Magn.',
        'Proin eu mi. Nulla ac enim. In tempor, turpis nec euismod scelerisque, quam turpis adipiscing lorem, vitae mattis nibh ligula nec sem.')
     , (199, 39, 12, 'Arceuthobium californicum Hawksw. & Wiens',
        'Cras non velit nec nisi vulputate nonummy. Maecenas tincidunt lacus at velit. Vivamus vel nulla eget eros elementum pellentesque.')
     , (200, 40, 15, 'Echium lusitanicum L.',
        'Integer tincidunt ante vel ipsum. Praesent blandit lacinia erat. Vestibulum sed magna at nunc commodo placerat.')
     , (201, 1, 13, 'Aspicilia polychroma (Anzi) Nyl.',
        'Proin eu mi. Nulla ac enim. In tempor, turpis nec euismod scelerisque, quam turpis adipiscing lorem, vitae mattis nibh ligula nec sem.')
     , (202, 2, 1, 'Eriastrum sparsiflorum (Eastw.) H. Mason ssp. sparsiflorum',
        'Phasellus in felis. Donec semper sapien a libero. Nam dui.')
     , (203, 3, 16, 'Lecidea furfurosa Tuck. ex Nyl.',
        'Fusce posuere felis sed lacus. Morbi sem mauris, laoreet ut, rhoncus aliquet, pulvinar sed, nisl. Nunc rhoncus dui vel sem.')
     , (204, 4, 9, 'Acacia berlandieri Benth.',
        'Vestibulum ac est lacinia nisi venenatis tristique. Fusce congue, diam id ornare imperdiet, sapien urna pretium nisl, ut volutpat sapien arcu sed augue. Aliquam erat volutpat.')
     , (205, 5, 11, 'Buellia stillingiana J. Steiner',
        'Morbi non lectus. Aliquam sit amet diam in magna bibendum imperdiet. Nullam orci pede, venenatis non, sodales sed, tincidunt eu, felis.')
     , (206, 6, 12, 'Populus balsamifera L. ssp. trichocarpa (Torr. & A. Gray ex Hook.) Brayshaw',
        'In hac habitasse platea dictumst. Morbi vestibulum, velit id pretium iaculis, diam erat fermentum justo, nec condimentum neque sapien placerat ante. Nulla justo.')
     , (207, 7, 16, 'Oreobolus R. Br.',
        'Nulla ut erat id mauris vulputate elementum. Nullam varius. Nulla facilisi.')
     , (208, 8, 20, 'Arabis platysperma A. Gray',
        'Sed sagittis. Nam congue, risus semper porta volutpat, quam pede lobortis ligula, sit amet eleifend pede libero quis orci. Nullam molestie nibh in lectus.')
     , (209, 9, 20, 'Delphinium parryi A. Gray',
        'Aenean lectus. Pellentesque eget nunc. Donec quis orci eget orci vehicula condimentum.')
     , (210, 10, 8, 'Camissonia guadalupensis (S. Watson) P.H. Raven ssp. clementina (P.H. Raven) P.H. Raven',
        'In congue. Etiam justo. Etiam pretium iaculis justo.')
     , (211, 11, 6, 'Rubus vitifolius Cham. & Schltdl. var. vitifolius',
        'Cras non velit nec nisi vulputate nonummy. Maecenas tincidunt lacus at velit. Vivamus vel nulla eget eros elementum pellentesque.')
     , (212, 12, 15, 'Allium nigrum L.',
        'In hac habitasse platea dictumst. Morbi vestibulum, velit id pretium iaculis, diam erat fermentum justo, nec condimentum neque sapien placerat ante. Nulla justo.')
     , (213, 13, 8, 'Carex concinnoides Mack.',
        'Curabitur at ipsum ac tellus semper interdum. Mauris ullamcorper purus sit amet nulla. Quisque arcu libero, rutrum ac, lobortis vel, dapibus at, diam.')
     , (214, 14, 3, 'Tristagma uniflorum (Lindl.) Traub',
        'Suspendisse potenti. In eleifend quam a odio. In hac habitasse platea dictumst.')
     , (215, 15, 6, 'Bacidia lobarica Printzen & Tønsberg',
        'Maecenas tristique, est et tempus semper, est quam pharetra magna, ac consequat metus sapien ut nunc. Vestibulum ante ipsum primis in faucibus orci luctus et ultrices posuere cubilia Curae; Mauris viverra diam vitae quam. Suspendisse potenti.')
     , (216, 16, 3, 'Gayophytum diffusum Torr. & A. Gray ssp. parviflorum F.H. Lewis & Szweykowski',
        'Nullam porttitor lacus at turpis. Donec posuere metus vitae ipsum. Aliquam non mauris.')
     , (217, 17, 17, 'Clematis virginiana L.',
        'Phasellus sit amet erat. Nulla tempus. Vivamus in felis eu sapien cursus vestibulum.')
     , (218, 18, 11, 'Ribes rotundifolium Michx.',
        'Nam ultrices, libero non mattis pulvinar, nulla pede ullamcorper augue, a suscipit nulla elit ac nulla. Sed vel enim sit amet nunc viverra dapibus. Nulla suscipit ligula in lacus.')
     , (219, 19, 3, 'Mirabilis longiflora L. var. longiflora L. [excluded]',
        'Duis bibendum. Morbi non quam nec dui luctus rutrum. Nulla tellus.')
     , (220, 20, 14, 'Koeleria macrantha (Ledeb.) Schult.',
        'Morbi non lectus. Aliquam sit amet diam in magna bibendum imperdiet. Nullam orci pede, venenatis non, sodales sed, tincidunt eu, felis.')
     , (221, 21, 4, 'Pseudocymopterus J.M. Coult. & Rose',
        'In sagittis dui vel nisl. Duis ac nibh. Fusce lacus purus, aliquet at, feugiat non, pretium quis, lectus.')
     , (222, 22, 18, 'Braya pilosa Hook.', 'In congue. Etiam justo. Etiam pretium iaculis justo.')
     , (223, 23, 7, 'Campanula parryi A. Gray',
        'Curabitur in libero ut massa volutpat convallis. Morbi odio odio, elementum eu, interdum eu, tincidunt in, leo. Maecenas pulvinar lobortis est.')
     , (224, 24, 2, 'Tetraneuris acaulis (Pursh) Greene var. acaulis',
        'Lorem ipsum dolor sit amet, consectetuer adipiscing elit. Proin risus. Praesent lectus.')
     , (225, 25, 6, 'Thouinia Poit.',
        'Quisque id justo sit amet sapien dignissim vestibulum. Vestibulum ante ipsum primis in faucibus orci luctus et ultrices posuere cubilia Curae; Nulla dapibus dolor vel est. Donec odio justo, sollicitudin ut, suscipit a, feugiat et, eros.')
     , (226, 26, 19, 'Dasiphora fruticosa (L.) Rydb.',
        'Maecenas tristique, est et tempus semper, est quam pharetra magna, ac consequat metus sapien ut nunc. Vestibulum ante ipsum primis in faucibus orci luctus et ultrices posuere cubilia Curae; Mauris viverra diam vitae quam. Suspendisse potenti.')
     , (227, 27, 5, 'Blephilia hirsuta (Pursh) Benth. var. glabrata Fernald',
        'Suspendisse potenti. In eleifend quam a odio. In hac habitasse platea dictumst.')
     , (228, 28, 12, 'Alectoria sarmentosa (Ach.) Ach. ssp. sarmentosa',
        'In sagittis dui vel nisl. Duis ac nibh. Fusce lacus purus, aliquet at, feugiat non, pretium quis, lectus.')
     , (229, 29, 11, 'Hackelia brevicula (Jeps.) J.L. Gentry',
        'Curabitur gravida nisi at nibh. In hac habitasse platea dictumst. Aliquam augue quam, sollicitudin vitae, consectetuer eget, rutrum at, lorem.')
     , (230, 30, 18, 'Phacelia purpusii Brandegee',
        'Fusce posuere felis sed lacus. Morbi sem mauris, laoreet ut, rhoncus aliquet, pulvinar sed, nisl. Nunc rhoncus dui vel sem.')
     , (231, 31, 14, 'Galactia longifolia (Jacq.) Benth. ex Hoehne',
        'Duis aliquam convallis nunc. Proin at turpis a pede posuere nonummy. Integer non velit.')
     , (232, 32, 9, 'Camissonia hardhamiae P.H. Raven',
        'Cum sociis natoque penatibus et magnis dis parturient montes, nascetur ridiculus mus. Vivamus vestibulum sagittis sapien. Cum sociis natoque penatibus et magnis dis parturient montes, nascetur ridiculus mus.')
     , (233, 33, 6, 'Euphorbia floridana Chapm.',
        'Proin eu mi. Nulla ac enim. In tempor, turpis nec euismod scelerisque, quam turpis adipiscing lorem, vitae mattis nibh ligula nec sem.')
     , (234, 34, 2, 'Ramalina fastigiata (Pers.) Ach.',
        'Quisque porta volutpat erat. Quisque erat eros, viverra eget, congue eget, semper rutrum, nulla. Nunc purus.')
     , (235, 35, 17, 'Dalea obovata (Torr. & A. Gray) Shinners',
        'Etiam vel augue. Vestibulum rutrum rutrum neque. Aenean auctor gravida sem.')
     , (236, 36, 5, 'Heliotropium procumbens Mill. var. depressum (Cham.) Fosberg',
        'In sagittis dui vel nisl. Duis ac nibh. Fusce lacus purus, aliquet at, feugiat non, pretium quis, lectus.')
     , (237, 37, 18, 'Pectis linearifolia Urb.',
        'Duis consequat dui nec nisi volutpat eleifend. Donec ut dolor. Morbi vel lectus in quam fringilla rhoncus.')
     , (238, 38, 3, 'Perezia multiflora (Humb. & Bonpl.) Less.',
        'Fusce posuere felis sed lacus. Morbi sem mauris, laoreet ut, rhoncus aliquet, pulvinar sed, nisl. Nunc rhoncus dui vel sem.')
     , (239, 39, 10, 'Streptanthus bracteatus A. Gray',
        'Morbi porttitor lorem id ligula. Suspendisse ornare consequat lectus. In est risus, auctor sed, tristique in, tempus sit amet, sem.')
     , (240, 40, 12, 'Pedicularis lanata Cham. & Schltdl.',
        'Vestibulum quam sapien, varius ut, blandit non, interdum in, ante. Vestibulum ante ipsum primis in faucibus orci luctus et ultrices posuere cubilia Curae; Duis faucibus accumsan odio. Curabitur convallis.')
     , (241, 1, 14, 'Prosthechea cochleata (L.) W.E. Higgins var. cochleata',
        'Quisque id justo sit amet sapien dignissim vestibulum. Vestibulum ante ipsum primis in faucibus orci luctus et ultrices posuere cubilia Curae; Nulla dapibus dolor vel est. Donec odio justo, sollicitudin ut, suscipit a, feugiat et, eros.')
     , (242, 2, 15, 'Rotala indica (Willd.) Koehne',
        'Quisque porta volutpat erat. Quisque erat eros, viverra eget, congue eget, semper rutrum, nulla. Nunc purus.')
     , (243, 3, 10, 'Cordia globosa (Jacq.) Kunth',
        'Praesent id massa id nisl venenatis lacinia. Aenean sit amet justo. Morbi ut odio.')
     , (244, 4, 4, 'Galium brevipes Fernald & Wiegand',
        'Etiam vel augue. Vestibulum rutrum rutrum neque. Aenean auctor gravida sem.')
     , (245, 5, 4, 'Hecastocleis A. Gray',
        'In quis justo. Maecenas rhoncus aliquam lacus. Morbi quis tortor id nulla ultrices aliquet.')
     , (246, 6, 16, 'Carex venusta Dewey var. venusta',
        'Nullam porttitor lacus at turpis. Donec posuere metus vitae ipsum. Aliquam non mauris.')
     , (247, 7, 10, 'Ehrharta Thunb.',
        'Curabitur in libero ut massa volutpat convallis. Morbi odio odio, elementum eu, interdum eu, tincidunt in, leo. Maecenas pulvinar lobortis est.')
     , (248, 8, 1, 'Echinocereus poselgeri Lem.',
        'Lorem ipsum dolor sit amet, consectetuer adipiscing elit. Proin risus. Praesent lectus.')
     , (249, 9, 2, 'Cryptantha sobolifera Payson',
        'Lorem ipsum dolor sit amet, consectetuer adipiscing elit. Proin risus. Praesent lectus.')
     , (250, 10, 18, 'Monarda stanfieldii Small',
        'Integer tincidunt ante vel ipsum. Praesent blandit lacinia erat. Vestibulum sed magna at nunc commodo placerat.')
     , (251, 11, 12, 'Pleuridium sullivantii Austin', 'Fusce consequat. Nulla nisl. Nunc nisl.')
     , (252, 12, 4, 'Abronia bolackii N.D. Atwood, S.L. Welsh & K.D. Heil',
        'Curabitur in libero ut massa volutpat convallis. Morbi odio odio, elementum eu, interdum eu, tincidunt in, leo. Maecenas pulvinar lobortis est.')
     , (253, 13, 8, 'Eriogonum umbellatum Torr. var. covillei (Small) Munz & Reveal',
        'Nam ultrices, libero non mattis pulvinar, nulla pede ullamcorper augue, a suscipit nulla elit ac nulla. Sed vel enim sit amet nunc viverra dapibus. Nulla suscipit ligula in lacus.')
     , (254, 14, 7, 'Allenrolfea Kuntze',
        'Lorem ipsum dolor sit amet, consectetuer adipiscing elit. Proin risus. Praesent lectus.')
     , (255, 15, 10, 'Arctoa hyperborea (With.) Bruch & Schimp.',
        'Integer tincidunt ante vel ipsum. Praesent blandit lacinia erat. Vestibulum sed magna at nunc commodo placerat.')
     , (256, 16, 7, 'Eriogonum ×duchesnense Reveal (pro sp.)',
        'Lorem ipsum dolor sit amet, consectetuer adipiscing elit. Proin risus. Praesent lectus.')
     , (257, 17, 12, 'Juncus ×oronensis Fernald (pro sp.)',
        'Sed ante. Vivamus tortor. Duis mattis egestas metus.')
     , (258, 18, 9, 'Euphorbia lactea Haw.',
        'Maecenas leo odio, condimentum id, luctus nec, molestie sed, justo. Pellentesque viverra pede ac diam. Cras pellentesque volutpat dui.')
     , (259, 19, 13, 'Erigeron consimilis Cronquist',
        'Donec diam neque, vestibulum eget, vulputate ut, ultrices vel, augue. Vestibulum ante ipsum primis in faucibus orci luctus et ultrices posuere cubilia Curae; Donec pharetra, magna vestibulum aliquet ultrices, erat tortor sollicitudin mi, sit amet lobortis sapien sapien non mi. Integer ac neque.')
     , (260, 20, 19, 'Sporobolus pyramidatus (Lam.) Hitchc.',
        'Praesent blandit. Nam nulla. Integer pede justo, lacinia eget, tincidunt eget, tempus vel, pede.')
     , (261, 21, 19, 'Malcolmia W.T. Aiton',
        'Cras non velit nec nisi vulputate nonummy. Maecenas tincidunt lacus at velit. Vivamus vel nulla eget eros elementum pellentesque.')
     , (262, 22, 14, 'Calylophus hartwegii (Benth.) P.H. Raven ssp. filifolius (Eastw.) Towner & P.H. Raven',
        'Nullam porttitor lacus at turpis. Donec posuere metus vitae ipsum. Aliquam non mauris.')
     , (263, 23, 12, 'Bulbothrix goebelii (Zenker) Hale',
        'Proin interdum mauris non ligula pellentesque ultrices. Phasellus id sapien in sapien iaculis congue. Vivamus metus arcu, adipiscing molestie, hendrerit at, vulputate vitae, nisl.')
     , (264, 24, 4, 'Tilingia ajanensis Regel & Tiling',
        'In hac habitasse platea dictumst. Morbi vestibulum, velit id pretium iaculis, diam erat fermentum justo, nec condimentum neque sapien placerat ante. Nulla justo.')
     , (265, 25, 7, 'Linum lewisii Pursh var. lepagei (B. Boivin) C.M. Rogers',
        'Aliquam quis turpis eget elit sodales scelerisque. Mauris sit amet eros. Suspendisse accumsan tortor quis turpis.')
     , (266, 26, 12, 'Spathodea campanulata P. Beauv.',
        'Proin leo odio, porttitor id, consequat in, consequat ut, nulla. Sed accumsan felis. Ut at dolor quis odio consequat varius.')
     , (267, 27, 12, 'Allenrolfea Kuntze',
        'Maecenas tristique, est et tempus semper, est quam pharetra magna, ac consequat metus sapien ut nunc. Vestibulum ante ipsum primis in faucibus orci luctus et ultrices posuere cubilia Curae; Mauris viverra diam vitae quam. Suspendisse potenti.')
     , (268, 28, 6, 'Verrucaria obnigrescens Nyl.',
        'Donec diam neque, vestibulum eget, vulputate ut, ultrices vel, augue. Vestibulum ante ipsum primis in faucibus orci luctus et ultrices posuere cubilia Curae; Donec pharetra, magna vestibulum aliquet ultrices, erat tortor sollicitudin mi, sit amet lobortis sapien sapien non mi. Integer ac neque.')
     , (269, 29, 20, 'Rubus bifrons × ursinus [unnamed hybrid]',
        'Curabitur gravida nisi at nibh. In hac habitasse platea dictumst. Aliquam augue quam, sollicitudin vitae, consectetuer eget, rutrum at, lorem.')
     , (270, 30, 20, 'Lupinus sericeus Pursh ssp. sericeus var. egglestonianus C.P. Sm.',
        'Proin interdum mauris non ligula pellentesque ultrices. Phasellus id sapien in sapien iaculis congue. Vivamus metus arcu, adipiscing molestie, hendrerit at, vulputate vitae, nisl.')
     , (271, 31, 8, 'Ponthieva R. Br.',
        'Duis consequat dui nec nisi volutpat eleifend. Donec ut dolor. Morbi vel lectus in quam fringilla rhoncus.')
     , (272, 32, 5, 'Fritillaria pluriflora Torr. ex Benth.',
        'Cum sociis natoque penatibus et magnis dis parturient montes, nascetur ridiculus mus. Vivamus vestibulum sagittis sapien. Cum sociis natoque penatibus et magnis dis parturient montes, nascetur ridiculus mus.')
     , (273, 33, 18, 'Cuscuta pentagona Engelm. var. glabrior (Engelm.) Gandhi, R.D. Thomas & S.L. Hatch',
        'Praesent id massa id nisl venenatis lacinia. Aenean sit amet justo. Morbi ut odio.')
     , (274, 34, 6, 'Posidonia oceanica (L.) Delile', 'Sed ante. Vivamus tortor. Duis mattis egestas metus.')
     , (275, 35, 4, 'Camissonia brevipes (A. Gray) P.H. Raven',
        'Duis bibendum, felis sed interdum venenatis, turpis enim blandit mi, in porttitor pede justo eu massa. Donec dapibus. Duis at velit eu est congue elementum.')
     , (276, 36, 14, 'Centrosema molle Mart. ex Benth.',
        'Suspendisse potenti. In eleifend quam a odio. In hac habitasse platea dictumst.')
     , (277, 37, 10, 'Ilex mucronata (L.) Powell, Savolainen & Andrews',
        'Cras mi pede, malesuada in, imperdiet et, commodo vulputate, justo. In blandit ultrices enim. Lorem ipsum dolor sit amet, consectetuer adipiscing elit.')
     , (278, 38, 17, 'Aristida portoricensis Pilg.',
        'Nullam porttitor lacus at turpis. Donec posuere metus vitae ipsum. Aliquam non mauris.')
     , (279, 39, 9, 'Caulanthus amplexicaulis S. Watson var. amplexicaulis',
        'Donec diam neque, vestibulum eget, vulputate ut, ultrices vel, augue. Vestibulum ante ipsum primis in faucibus orci luctus et ultrices posuere cubilia Curae; Donec pharetra, magna vestibulum aliquet ultrices, erat tortor sollicitudin mi, sit amet lobortis sapien sapien non mi. Integer ac neque.')
     , (280, 40, 2, 'Heuchera parvifolia Nutt. ex Torr. & A. Gray var. microcarpa Rosend., Butters & Lakela',
        'Nam ultrices, libero non mattis pulvinar, nulla pede ullamcorper augue, a suscipit nulla elit ac nulla. Sed vel enim sit amet nunc viverra dapibus. Nulla suscipit ligula in lacus.')
     , (281, 1, 12, 'Tripleurospermum maritimum (L.) W.D.J. Koch ssp. phaeocephalum (Rupr.) Hämet-Ahti',
        'Maecenas ut massa quis augue luctus tincidunt. Nulla mollis molestie lorem. Quisque ut erat.')
     , (282, 2, 15, 'Streptopus streptopoides (Ledeb.) Frye & Rigg',
        'In hac habitasse platea dictumst. Morbi vestibulum, velit id pretium iaculis, diam erat fermentum justo, nec condimentum neque sapien placerat ante. Nulla justo.')
     , (283, 3, 2, 'Calycadenia villosa DC.',
        'Cum sociis natoque penatibus et magnis dis parturient montes, nascetur ridiculus mus. Vivamus vestibulum sagittis sapien. Cum sociis natoque penatibus et magnis dis parturient montes, nascetur ridiculus mus.')
     , (284, 4, 17, 'Pityopus californica (Eastw.) Copeland f.',
        'Vestibulum quam sapien, varius ut, blandit non, interdum in, ante. Vestibulum ante ipsum primis in faucibus orci luctus et ultrices posuere cubilia Curae; Duis faucibus accumsan odio. Curabitur convallis.')
     , (285, 5, 18, 'Hordeum murinum L. ssp. murinum',
        'Mauris enim leo, rhoncus sed, vestibulum sit amet, cursus id, turpis. Integer aliquet, massa id lobortis convallis, tortor risus dapibus augue, vel accumsan tellus nisi eu orci. Mauris lacinia sapien quis libero.')
     , (286, 6, 4, 'Fissidens clebschii Steere',
        'In quis justo. Maecenas rhoncus aliquam lacus. Morbi quis tortor id nulla ultrices aliquet.')
     , (287, 7, 16, 'Comandra umbellata (L.) Nutt.',
        'In hac habitasse platea dictumst. Morbi vestibulum, velit id pretium iaculis, diam erat fermentum justo, nec condimentum neque sapien placerat ante. Nulla justo.')
     , (288, 8, 14, 'Picris sprengeriana (L.) Poir.',
        'Vestibulum quam sapien, varius ut, blandit non, interdum in, ante. Vestibulum ante ipsum primis in faucibus orci luctus et ultrices posuere cubilia Curae; Duis faucibus accumsan odio. Curabitur convallis.')
     , (289, 9, 18, 'Quercus infectoria Olivier',
        'Duis bibendum, felis sed interdum venenatis, turpis enim blandit mi, in porttitor pede justo eu massa. Donec dapibus. Duis at velit eu est congue elementum.')
     , (290, 10, 1, 'Campanula carpatica Jacq.',
        'Aenean fermentum. Donec ut mauris eget massa tempor convallis. Nulla neque libero, convallis eget, eleifend luctus, ultricies eu, nibh.')
     , (291, 11, 2, 'Hygroryza aristata (Retz.) Nees',
        'Vestibulum quam sapien, varius ut, blandit non, interdum in, ante. Vestibulum ante ipsum primis in faucibus orci luctus et ultrices posuere cubilia Curae; Duis faucibus accumsan odio. Curabitur convallis.')
     , (292, 12, 13, 'Tetracoccus hallii Brandegee',
        'Quisque porta volutpat erat. Quisque erat eros, viverra eget, congue eget, semper rutrum, nulla. Nunc purus.')
     , (293, 13, 17, 'Ledum glandulosum Nutt.',
        'Curabitur gravida nisi at nibh. In hac habitasse platea dictumst. Aliquam augue quam, sollicitudin vitae, consectetuer eget, rutrum at, lorem.')
     , (294, 14, 9, 'Stigmaphyllon diversifolium (Kunth) A. Juss.',
        'Nullam porttitor lacus at turpis. Donec posuere metus vitae ipsum. Aliquam non mauris.')
     , (295, 15, 5, 'Muhlenbergia glauca (Nees) B.D. Jacks.',
        'Aenean fermentum. Donec ut mauris eget massa tempor convallis. Nulla neque libero, convallis eget, eleifend luctus, ultricies eu, nibh.')
     , (296, 16, 1, 'Veronica officinalis L.',
        'Praesent blandit. Nam nulla. Integer pede justo, lacinia eget, tincidunt eget, tempus vel, pede.')
     , (297, 17, 14, 'Dicranella palustris (Dicks.) Crundw. ex Warb.',
        'Duis bibendum. Morbi non quam nec dui luctus rutrum. Nulla tellus.')
     , (298, 18, 2, 'Stereocaulon grande (H. Magn.) H. Magn.',
        'In congue. Etiam justo. Etiam pretium iaculis justo.')
     , (299, 19, 19, 'Micropholis (Griseb.) Pierre',
        'Maecenas tristique, est et tempus semper, est quam pharetra magna, ac consequat metus sapien ut nunc. Vestibulum ante ipsum primis in faucibus orci luctus et ultrices posuere cubilia Curae; Mauris viverra diam vitae quam. Suspendisse potenti.')
     , (300, 20, 12, 'Micrandra minor Benth.', 'In congue. Etiam justo. Etiam pretium iaculis justo.')
     , (301, 21, 13, 'Orthothecium chryseum (Schwägr.) Schimp.',
        'Curabitur in libero ut massa volutpat convallis. Morbi odio odio, elementum eu, interdum eu, tincidunt in, leo. Maecenas pulvinar lobortis est.')
     , (302, 22, 1, 'Cyrtandra ×cupuliformis H. St. John & Storey (pro sp.)',
        'Integer tincidunt ante vel ipsum. Praesent blandit lacinia erat. Vestibulum sed magna at nunc commodo placerat.')
     , (303, 23, 1, 'Psilopilum laevigatum (Wahlenb.) Lindb.',
        'Morbi non lectus. Aliquam sit amet diam in magna bibendum imperdiet. Nullam orci pede, venenatis non, sodales sed, tincidunt eu, felis.')
     , (304, 24, 8, 'Nemacladus sigmoideus G.T. Robbins',
        'Praesent blandit. Nam nulla. Integer pede justo, lacinia eget, tincidunt eget, tempus vel, pede.')
     , (305, 25, 12, 'Physcomitrium pyriforme (Hedw.) Hampe',
        'Morbi porttitor lorem id ligula. Suspendisse ornare consequat lectus. In est risus, auctor sed, tristique in, tempus sit amet, sem.')
     , (306, 26, 12, 'Prunus caroliniana Aiton',
        'Quisque porta volutpat erat. Quisque erat eros, viverra eget, congue eget, semper rutrum, nulla. Nunc purus.')
     , (307, 27, 1, 'Thelidium decipiens (Nyl.) Krempelh.',
        'Nulla ut erat id mauris vulputate elementum. Nullam varius. Nulla facilisi.')
     , (308, 28, 1, 'Cladina portentosa (Dufour) Follmann',
        'Quisque porta volutpat erat. Quisque erat eros, viverra eget, congue eget, semper rutrum, nulla. Nunc purus.')
     , (309, 29, 20, 'Verbascum ×ramigerum Link ex Schrad.',
        'Aliquam quis turpis eget elit sodales scelerisque. Mauris sit amet eros. Suspendisse accumsan tortor quis turpis.')
     , (310, 30, 15, 'Phacelia mustelina Coville',
        'In sagittis dui vel nisl. Duis ac nibh. Fusce lacus purus, aliquet at, feugiat non, pretium quis, lectus.')
     , (311, 31, 16, 'Corydalis curvisiliqua Engelm. ssp. occidentalis (Engelm. ex A. Gray) W.A. Weber',
        'Vestibulum quam sapien, varius ut, blandit non, interdum in, ante. Vestibulum ante ipsum primis in faucibus orci luctus et ultrices posuere cubilia Curae; Duis faucibus accumsan odio. Curabitur convallis.')
     , (312, 32, 11, 'Picrothamnus desertorum Nutt.',
        'Mauris enim leo, rhoncus sed, vestibulum sit amet, cursus id, turpis. Integer aliquet, massa id lobortis convallis, tortor risus dapibus augue, vel accumsan tellus nisi eu orci. Mauris lacinia sapien quis libero.')
     , (313, 33, 12, 'Fremontodendron mexicanum Davidson', 'Fusce consequat. Nulla nisl. Nunc nisl.')
     , (314, 34, 5, 'Lomatium shevockii R.L. Hartm. & Constance',
        'Vestibulum ac est lacinia nisi venenatis tristique. Fusce congue, diam id ornare imperdiet, sapien urna pretium nisl, ut volutpat sapien arcu sed augue. Aliquam erat volutpat.')
     , (315, 35, 10, 'Macroptilium lathyroides (L.) Urb.',
        'Curabitur in libero ut massa volutpat convallis. Morbi odio odio, elementum eu, interdum eu, tincidunt in, leo. Maecenas pulvinar lobortis est.')
     , (316, 36, 9, 'Byrsonima spicata (Cav.) Kunth',
        'Mauris enim leo, rhoncus sed, vestibulum sit amet, cursus id, turpis. Integer aliquet, massa id lobortis convallis, tortor risus dapibus augue, vel accumsan tellus nisi eu orci. Mauris lacinia sapien quis libero.')
     , (317, 37, 17, 'Nemophila Nutt.',
        'Aenean lectus. Pellentesque eget nunc. Donec quis orci eget orci vehicula condimentum.')
     , (318, 38, 8, 'Lobaria pulmonaria (L.) Hoffm.',
        'Donec diam neque, vestibulum eget, vulputate ut, ultrices vel, augue. Vestibulum ante ipsum primis in faucibus orci luctus et ultrices posuere cubilia Curae; Donec pharetra, magna vestibulum aliquet ultrices, erat tortor sollicitudin mi, sit amet lobortis sapien sapien non mi. Integer ac neque.')
     , (319, 39, 3, 'Plectranthus verticillatus (L. f.) Druce',
        'In congue. Etiam justo. Etiam pretium iaculis justo.')
     , (320, 40, 10, 'Stemodia maritima L.',
        'Aenean lectus. Pellentesque eget nunc. Donec quis orci eget orci vehicula condimentum.')
     , (321, 1, 9, 'Saxifraga virginiensis Michx.',
        'Aenean lectus. Pellentesque eget nunc. Donec quis orci eget orci vehicula condimentum.')
     , (322, 2, 4, 'Astragalus limnocharis Barneby',
        'Suspendisse potenti. In eleifend quam a odio. In hac habitasse platea dictumst.')
     , (323, 3, 17, 'Toxicodendron radicans (L.) Kuntze ssp. eximium (Greene) Gillis',
        'In hac habitasse platea dictumst. Etiam faucibus cursus urna. Ut tellus.')
     , (324, 4, 7, 'Digitaria texana Hitchc.',
        'Morbi non lectus. Aliquam sit amet diam in magna bibendum imperdiet. Nullam orci pede, venenatis non, sodales sed, tincidunt eu, felis.')
     , (325, 5, 13, 'Dichanthelium laxiflorum (Lam.) Gould',
        'Integer ac leo. Pellentesque ultrices mattis odio. Donec vitae nisi.')
     , (326, 6, 7, 'Xanthoria ramulosa (Tuck.) Herre',
        'In sagittis dui vel nisl. Duis ac nibh. Fusce lacus purus, aliquet at, feugiat non, pretium quis, lectus.')
     , (327, 7, 19, 'Agalinis nuttallii Shinners',
        'Maecenas ut massa quis augue luctus tincidunt. Nulla mollis molestie lorem. Quisque ut erat.')
     , (328, 8, 18, 'Clematis pauciflora Nutt.',
        'Maecenas tristique, est et tempus semper, est quam pharetra magna, ac consequat metus sapien ut nunc. Vestibulum ante ipsum primis in faucibus orci luctus et ultrices posuere cubilia Curae; Mauris viverra diam vitae quam. Suspendisse potenti.')
     , (329, 9, 6, 'Abelmoschus moschatus Medik.',
        'Morbi porttitor lorem id ligula. Suspendisse ornare consequat lectus. In est risus, auctor sed, tristique in, tempus sit amet, sem.')
     , (330, 10, 5, 'Arenaria fendleri A. Gray var. fendleri',
        'Curabitur gravida nisi at nibh. In hac habitasse platea dictumst. Aliquam augue quam, sollicitudin vitae, consectetuer eget, rutrum at, lorem.')
     , (331, 11, 17, 'Pseudognaphalium canescens (DC.) W.A. Weber ssp. microcephalum (Nutt.) Kartesz',
        'Mauris enim leo, rhoncus sed, vestibulum sit amet, cursus id, turpis. Integer aliquet, massa id lobortis convallis, tortor risus dapibus augue, vel accumsan tellus nisi eu orci. Mauris lacinia sapien quis libero.')
     , (332, 12, 16, 'Penstemon monoensis A. Heller',
        'Vestibulum quam sapien, varius ut, blandit non, interdum in, ante. Vestibulum ante ipsum primis in faucibus orci luctus et ultrices posuere cubilia Curae; Duis faucibus accumsan odio. Curabitur convallis.')
     , (333, 13, 18, 'Schizachyrium sanguineum (Retz.) Alston var. hirtiflorum (Nees) Hatch',
        'Curabitur gravida nisi at nibh. In hac habitasse platea dictumst. Aliquam augue quam, sollicitudin vitae, consectetuer eget, rutrum at, lorem.')
     , (334, 14, 14, 'Lotus junceus (Benth.) Greene var. junceus',
        'In congue. Etiam justo. Etiam pretium iaculis justo.')
     , (335, 15, 16, 'Porpidia flavocaerulescens (Hornem.) Hertel & A.J. Schwab',
        'Duis bibendum, felis sed interdum venenatis, turpis enim blandit mi, in porttitor pede justo eu massa. Donec dapibus. Duis at velit eu est congue elementum.')
     , (336, 16, 9, 'Rinodina mniaroeiza (Nyl.) Arnold',
        'Lorem ipsum dolor sit amet, consectetuer adipiscing elit. Proin risus. Praesent lectus.')
     , (337, 17, 12, 'Clermontia lindseyana Rock',
        'Proin eu mi. Nulla ac enim. In tempor, turpis nec euismod scelerisque, quam turpis adipiscing lorem, vitae mattis nibh ligula nec sem.')
     , (338, 18, 2, 'Sericocarpus linifolius (L.) Britton, Sterns & Poggenb.',
        'Proin interdum mauris non ligula pellentesque ultrices. Phasellus id sapien in sapien iaculis congue. Vivamus metus arcu, adipiscing molestie, hendrerit at, vulputate vitae, nisl.')
     , (339, 19, 6, 'Eutrochium purpureum (L.) E.E. Lamont',
        'Proin eu mi. Nulla ac enim. In tempor, turpis nec euismod scelerisque, quam turpis adipiscing lorem, vitae mattis nibh ligula nec sem.')
     , (340, 20, 18, 'Bacidia trachona (Ach.) Lettau',
        'Duis bibendum. Morbi non quam nec dui luctus rutrum. Nulla tellus.')
     , (341, 21, 7, 'Sairocarpus subcordatus (A. Gray) D.A. Sutton',
        'Fusce consequat. Nulla nisl. Nunc nisl.')
     , (342, 22, 9, 'Sideroxylon americanum (Mill.) T.D. Penn.',
        'Vestibulum ac est lacinia nisi venenatis tristique. Fusce congue, diam id ornare imperdiet, sapien urna pretium nisl, ut volutpat sapien arcu sed augue. Aliquam erat volutpat.')
     , (343, 23, 18, 'Bryum pseudocapillare Besch.',
        'Fusce posuere felis sed lacus. Morbi sem mauris, laoreet ut, rhoncus aliquet, pulvinar sed, nisl. Nunc rhoncus dui vel sem.')
     , (344, 24, 13, 'Solidago villosicarpa LeBlond',
        'In sagittis dui vel nisl. Duis ac nibh. Fusce lacus purus, aliquet at, feugiat non, pretium quis, lectus.')
     , (345, 25, 9, 'Cryptantha holoptera (A. Gray) J.F. Macbr.',
        'Sed ante. Vivamus tortor. Duis mattis egestas metus.')
     , (346, 26, 20, 'Conopholis Wallr.',
        'Donec diam neque, vestibulum eget, vulputate ut, ultrices vel, augue. Vestibulum ante ipsum primis in faucibus orci luctus et ultrices posuere cubilia Curae; Donec pharetra, magna vestibulum aliquet ultrices, erat tortor sollicitudin mi, sit amet lobortis sapien sapien non mi. Integer ac neque.')
     , (347, 27, 10, 'Phoradendron coryae Trel.',
        'Praesent blandit. Nam nulla. Integer pede justo, lacinia eget, tincidunt eget, tempus vel, pede.')
     , (348, 28, 5, 'Artemisia rothrockii A. Gray',
        'Lorem ipsum dolor sit amet, consectetuer adipiscing elit. Proin risus. Praesent lectus.')
     , (349, 29, 2, 'Forestiera angustifolia Torr.',
        'Proin eu mi. Nulla ac enim. In tempor, turpis nec euismod scelerisque, quam turpis adipiscing lorem, vitae mattis nibh ligula nec sem.')
     , (350, 30, 1, 'Rhynchospora caduca Elliott',
        'Quisque porta volutpat erat. Quisque erat eros, viverra eget, congue eget, semper rutrum, nulla. Nunc purus.')
     , (351, 31, 19, 'Psychotria fauriei (Levl.) Fosberg',
        'Maecenas ut massa quis augue luctus tincidunt. Nulla mollis molestie lorem. Quisque ut erat.')
     , (352, 32, 5,
        'Camissonia claviformis (Torr. & Frém.) P.H. Raven ssp. rubescens (P.H. Raven) P.H. Raven',
        'Fusce posuere felis sed lacus. Morbi sem mauris, laoreet ut, rhoncus aliquet, pulvinar sed, nisl. Nunc rhoncus dui vel sem.')
     , (353, 33, 4, 'Scutellaria muriculata Epling',
        'Curabitur gravida nisi at nibh. In hac habitasse platea dictumst. Aliquam augue quam, sollicitudin vitae, consectetuer eget, rutrum at, lorem.')
     , (354, 34, 2, 'Eucnide Zucc.',
        'Quisque id justo sit amet sapien dignissim vestibulum. Vestibulum ante ipsum primis in faucibus orci luctus et ultrices posuere cubilia Curae; Nulla dapibus dolor vel est. Donec odio justo, sollicitudin ut, suscipit a, feugiat et, eros.')
     , (355, 35, 7, 'Synthlipsis greggii A. Gray',
        'Nullam sit amet turpis elementum ligula vehicula consequat. Morbi a ipsum. Integer a nibh.')
     , (356, 36, 19, 'Leptosiphon minimus (H. Mason) R. Battaglia',
        'Morbi porttitor lorem id ligula. Suspendisse ornare consequat lectus. In est risus, auctor sed, tristique in, tempus sit amet, sem.')
     , (357, 37, 18, 'Cardiospermum corindum L.',
        'Morbi non lectus. Aliquam sit amet diam in magna bibendum imperdiet. Nullam orci pede, venenatis non, sodales sed, tincidunt eu, felis.')
     , (358, 38, 1, 'Leskea obscura Hedw.',
        'Duis aliquam convallis nunc. Proin at turpis a pede posuere nonummy. Integer non velit.')
     , (359, 39, 12, 'Cyperus oxylepis Nees ex Steud.',
        'Morbi porttitor lorem id ligula. Suspendisse ornare consequat lectus. In est risus, auctor sed, tristique in, tempus sit amet, sem.')
     , (360, 40, 9, 'Andreaea blyttii Schimp.',
        'Nullam sit amet turpis elementum ligula vehicula consequat. Morbi a ipsum. Integer a nibh.')
     , (361, 1, 16, 'Pogogyne ziziphoroides Benth.',
        'Donec diam neque, vestibulum eget, vulputate ut, ultrices vel, augue. Vestibulum ante ipsum primis in faucibus orci luctus et ultrices posuere cubilia Curae; Donec pharetra, magna vestibulum aliquet ultrices, erat tortor sollicitudin mi, sit amet lobortis sapien sapien non mi. Integer ac neque.')
     , (362, 2, 14, 'Lupinus texensis Hook.',
        'Praesent blandit. Nam nulla. Integer pede justo, lacinia eget, tincidunt eget, tempus vel, pede.')
     , (363, 3, 16, 'Cruciata pedemontana (Bellardi) Ehrend.',
        'Morbi non lectus. Aliquam sit amet diam in magna bibendum imperdiet. Nullam orci pede, venenatis non, sodales sed, tincidunt eu, felis.')
     , (364, 4, 12, 'Ptilagrostis Griseb.',
        'In quis justo. Maecenas rhoncus aliquam lacus. Morbi quis tortor id nulla ultrices aliquet.')
     , (365, 5, 10, 'Galactia eggersii Urb.',
        'Morbi porttitor lorem id ligula. Suspendisse ornare consequat lectus. In est risus, auctor sed, tristique in, tempus sit amet, sem.')
     , (366, 6, 10, 'Prunus ×orthosepala Koehne (pro sp.)',
        'Proin interdum mauris non ligula pellentesque ultrices. Phasellus id sapien in sapien iaculis congue. Vivamus metus arcu, adipiscing molestie, hendrerit at, vulputate vitae, nisl.')
     , (367, 7, 8, 'Elodea Michx.',
        'Aenean lectus. Pellentesque eget nunc. Donec quis orci eget orci vehicula condimentum.')
     , (368, 8, 15, 'Sanicula crassicaulis Poepp. ex DC. var. crassicaulis',
        'Integer ac leo. Pellentesque ultrices mattis odio. Donec vitae nisi.')
     , (369, 9, 5, 'Melampodium divaricatum (Rich.) DC.',
        'Mauris enim leo, rhoncus sed, vestibulum sit amet, cursus id, turpis. Integer aliquet, massa id lobortis convallis, tortor risus dapibus augue, vel accumsan tellus nisi eu orci. Mauris lacinia sapien quis libero.')
     , (370, 10, 14, 'Capparis spinosa L. [excluded]',
        'In hac habitasse platea dictumst. Etiam faucibus cursus urna. Ut tellus.')
     , (371, 11, 8, 'Amsonia palmeri A. Gray',
        'Duis bibendum. Morbi non quam nec dui luctus rutrum. Nulla tellus.')
     , (372, 12, 7, 'Trifolium clypeatum L.',
        'Maecenas ut massa quis augue luctus tincidunt. Nulla mollis molestie lorem. Quisque ut erat.')
     , (373, 13, 2, 'Tilia ×euchlora K. Koch', 'Phasellus in felis. Donec semper sapien a libero. Nam dui.')
     , (374, 14, 18, 'Bidens bidentoides (Nutt.) Britton',
        'Nullam porttitor lacus at turpis. Donec posuere metus vitae ipsum. Aliquam non mauris.')
     , (375, 15, 16, 'Lithospermum viride Greene',
        'In quis justo. Maecenas rhoncus aliquam lacus. Morbi quis tortor id nulla ultrices aliquet.')
     , (376, 16, 10, 'Eriobotrya japonica (Thunb.) Lindl.',
        'Sed sagittis. Nam congue, risus semper porta volutpat, quam pede lobortis ligula, sit amet eleifend pede libero quis orci. Nullam molestie nibh in lectus.')
     , (377, 17, 10, 'Scirpus atrovirens Willd.',
        'Sed sagittis. Nam congue, risus semper porta volutpat, quam pede lobortis ligula, sit amet eleifend pede libero quis orci. Nullam molestie nibh in lectus.')
     , (378, 18, 11, 'Chiodecton subochroleucum Fink',
        'Fusce posuere felis sed lacus. Morbi sem mauris, laoreet ut, rhoncus aliquet, pulvinar sed, nisl. Nunc rhoncus dui vel sem.')
     , (379, 19, 16, 'Monarda citriodora Cerv. ex Lag.',
        'Aenean lectus. Pellentesque eget nunc. Donec quis orci eget orci vehicula condimentum.')
     , (380, 20, 9, 'Phaseolus acutifolius A. Gray var. tenuifolius A. Gray',
        'Duis bibendum, felis sed interdum venenatis, turpis enim blandit mi, in porttitor pede justo eu massa. Donec dapibus. Duis at velit eu est congue elementum.')
     , (381, 21, 3, 'Arthonia dispersula Nyl.',
        'Etiam vel augue. Vestibulum rutrum rutrum neque. Aenean auctor gravida sem.')
     , (382, 22, 2, 'Silene virginica L. var. virginica',
        'Fusce posuere felis sed lacus. Morbi sem mauris, laoreet ut, rhoncus aliquet, pulvinar sed, nisl. Nunc rhoncus dui vel sem.')
     , (383, 23, 5, 'Pertusaria hypothamnolica Dibben',
        'Curabitur at ipsum ac tellus semper interdum. Mauris ullamcorper purus sit amet nulla. Quisque arcu libero, rutrum ac, lobortis vel, dapibus at, diam.')
     , (384, 24, 17, 'Malacothrix saxatilis (Nutt.) Torr. & A. Gray',
        'Suspendisse potenti. In eleifend quam a odio. In hac habitasse platea dictumst.')
     , (385, 25, 16, 'Viola ×wittrockiana Gams.',
        'Curabitur gravida nisi at nibh. In hac habitasse platea dictumst. Aliquam augue quam, sollicitudin vitae, consectetuer eget, rutrum at, lorem.')
     , (386, 26, 10, 'Suksdorfia violacea A. Gray',
        'Maecenas ut massa quis augue luctus tincidunt. Nulla mollis molestie lorem. Quisque ut erat.')
     , (387, 27, 14, 'Phylliscum tenue Henssen',
        'Proin eu mi. Nulla ac enim. In tempor, turpis nec euismod scelerisque, quam turpis adipiscing lorem, vitae mattis nibh ligula nec sem.')
     , (388, 28, 8, 'Astragalus nutzotinensis Rouss.',
        'Donec diam neque, vestibulum eget, vulputate ut, ultrices vel, augue. Vestibulum ante ipsum primis in faucibus orci luctus et ultrices posuere cubilia Curae; Donec pharetra, magna vestibulum aliquet ultrices, erat tortor sollicitudin mi, sit amet lobortis sapien sapien non mi. Integer ac neque.')
     , (389, 29, 19, 'Cheilanthes lendigera (Cav.) Sw.',
        'Aliquam quis turpis eget elit sodales scelerisque. Mauris sit amet eros. Suspendisse accumsan tortor quis turpis.')
     , (390, 30, 3, 'Solenostemon Thonn.', 'In congue. Etiam justo. Etiam pretium iaculis justo.')
     , (391, 31, 10, 'Ichnanthus P. Beauv.',
        'Cum sociis natoque penatibus et magnis dis parturient montes, nascetur ridiculus mus. Vivamus vestibulum sagittis sapien. Cum sociis natoque penatibus et magnis dis parturient montes, nascetur ridiculus mus.')
     , (392, 32, 13, 'Matteuccia Todaro',
        'Nullam sit amet turpis elementum ligula vehicula consequat. Morbi a ipsum. Integer a nibh.')
     , (393, 33, 14, 'Cladonia gracilis (L.) Willd. ssp. vulnerata Ahti',
        'Duis bibendum, felis sed interdum venenatis, turpis enim blandit mi, in porttitor pede justo eu massa. Donec dapibus. Duis at velit eu est congue elementum.')
     , (394, 34, 14, 'Packera neomexicana (A. Gray) W.A. Weber & Á. Löve',
        'Pellentesque at nulla. Suspendisse potenti. Cras in purus eu magna vulputate luctus.')
     , (395, 35, 7, 'Lonicera involucrata (Richardson) Banks ex Spreng. var. ledebourii (Eschsch.) Zabel',
        'Proin eu mi. Nulla ac enim. In tempor, turpis nec euismod scelerisque, quam turpis adipiscing lorem, vitae mattis nibh ligula nec sem.')
     , (396, 36, 11, 'Pseudocymopterus montanus (A. Gray) J.M. Coult. & Rose',
        'Maecenas ut massa quis augue luctus tincidunt. Nulla mollis molestie lorem. Quisque ut erat.')
     , (397, 37, 6, 'Linaria ×sepium Allman',
        'Nulla ut erat id mauris vulputate elementum. Nullam varius. Nulla facilisi.')
     , (398, 38, 3, 'Dichanthium aristatum (Poir.) C.E. Hubbard',
        'Integer ac leo. Pellentesque ultrices mattis odio. Donec vitae nisi.')
     , (399, 39, 4, 'Lilaeopsis Greene',
        'Phasellus sit amet erat. Nulla tempus. Vivamus in felis eu sapien cursus vestibulum.')
     , (400, 40, 6, 'Cephalophysis leucospila (Anzi) R. Kilias & Scheid.',
        'Vestibulum quam sapien, varius ut, blandit non, interdum in, ante. Vestibulum ante ipsum primis in faucibus orci luctus et ultrices posuere cubilia Curae; Duis faucibus accumsan odio. Curabitur convallis.')
     , (401, 1, 10, 'Sambucus ebulus L.',
        'Fusce posuere felis sed lacus. Morbi sem mauris, laoreet ut, rhoncus aliquet, pulvinar sed, nisl. Nunc rhoncus dui vel sem.')
     , (402, 2, 17, 'Phlox amplifolia Britton',
        'Integer ac leo. Pellentesque ultrices mattis odio. Donec vitae nisi.')
     , (403, 3, 6, 'Garnotia Brongn.', 'Fusce consequat. Nulla nisl. Nunc nisl.')
     , (404, 4, 6, 'Xanthopsorella texana (W.A. Weber) Kalb & Hafellner',
        'Duis aliquam convallis nunc. Proin at turpis a pede posuere nonummy. Integer non velit.')
     , (405, 5, 20, 'Crotalaria verrucosa L.',
        'Cras non velit nec nisi vulputate nonummy. Maecenas tincidunt lacus at velit. Vivamus vel nulla eget eros elementum pellentesque.')
     , (406, 6, 6, 'Myriophyllum quitense Kunth', 'Sed ante. Vivamus tortor. Duis mattis egestas metus.')
     , (407, 7, 15, 'Verbena ×illicita Moldenke',
        'Duis bibendum. Morbi non quam nec dui luctus rutrum. Nulla tellus.')
     , (408, 8, 8, 'Lupinus hispanicus Boiss. & Reut.',
        'In hac habitasse platea dictumst. Morbi vestibulum, velit id pretium iaculis, diam erat fermentum justo, nec condimentum neque sapien placerat ante. Nulla justo.')
     , (409, 9, 5, 'Delphinium carolinianum Walter ssp. calciphilum Warnock',
        'Integer ac leo. Pellentesque ultrices mattis odio. Donec vitae nisi.')
     , (410, 10, 8, 'Sorbus ×thuringiaca (Ilse) Fritsch',
        'In hac habitasse platea dictumst. Morbi vestibulum, velit id pretium iaculis, diam erat fermentum justo, nec condimentum neque sapien placerat ante. Nulla justo.')
     , (411, 11, 1, 'Aliciella formosa (Greene ex Brand) J.M. Porter',
        'Integer ac leo. Pellentesque ultrices mattis odio. Donec vitae nisi.')
     , (412, 12, 16, 'Eriogonum umbellatum Torr. var. goodmanii Reveal',
        'Sed ante. Vivamus tortor. Duis mattis egestas metus.')
     , (413, 13, 13, 'Lepidium densiflorum Schrad.',
        'Maecenas tristique, est et tempus semper, est quam pharetra magna, ac consequat metus sapien ut nunc. Vestibulum ante ipsum primis in faucibus orci luctus et ultrices posuere cubilia Curae; Mauris viverra diam vitae quam. Suspendisse potenti.')
     , (414, 14, 1, 'Honckenya peploides (L.) Ehrh. ssp. robusta (Fernald) Hultén',
        'Vestibulum quam sapien, varius ut, blandit non, interdum in, ante. Vestibulum ante ipsum primis in faucibus orci luctus et ultrices posuere cubilia Curae; Duis faucibus accumsan odio. Curabitur convallis.')
     , (415, 15, 5, 'Thelopsis rubella Nyl.',
        'Cum sociis natoque penatibus et magnis dis parturient montes, nascetur ridiculus mus. Vivamus vestibulum sagittis sapien. Cum sociis natoque penatibus et magnis dis parturient montes, nascetur ridiculus mus.')
     , (416, 16, 6, 'Adonis aestivalis L.',
        'Curabitur at ipsum ac tellus semper interdum. Mauris ullamcorper purus sit amet nulla. Quisque arcu libero, rutrum ac, lobortis vel, dapibus at, diam.')
     , (417, 17, 18, 'Quercus ilex L.',
        'Cras non velit nec nisi vulputate nonummy. Maecenas tincidunt lacus at velit. Vivamus vel nulla eget eros elementum pellentesque.')
     , (418, 18, 2, 'Nymphaea ×thiona Ward',
        'Maecenas leo odio, condimentum id, luctus nec, molestie sed, justo. Pellentesque viverra pede ac diam. Cras pellentesque volutpat dui.')
     , (419, 19, 7, 'Diplacus longiflorus Nutt.',
        'Integer ac leo. Pellentesque ultrices mattis odio. Donec vitae nisi.')
     , (420, 20, 4, 'Chamaerhodos Bunge',
        'Phasellus sit amet erat. Nulla tempus. Vivamus in felis eu sapien cursus vestibulum.')
     , (421, 21, 18, 'Cistus incanus L. ssp. corsicus (Loisel.) Heywood',
        'Morbi porttitor lorem id ligula. Suspendisse ornare consequat lectus. In est risus, auctor sed, tristique in, tempus sit amet, sem.')
     , (422, 22, 12, 'Valerianella ozarkana Dyal',
        'Lorem ipsum dolor sit amet, consectetuer adipiscing elit. Proin risus. Praesent lectus.')
     , (423, 23, 14, 'Cerastium arvense L. ssp. velutinum (Raf.) Ugborogho',
        'Nulla ut erat id mauris vulputate elementum. Nullam varius. Nulla facilisi.')
     , (424, 24, 6, 'Eucalyptus camaldulensis Dehnh.',
        'Vestibulum quam sapien, varius ut, blandit non, interdum in, ante. Vestibulum ante ipsum primis in faucibus orci luctus et ultrices posuere cubilia Curae; Duis faucibus accumsan odio. Curabitur convallis.')
     , (425, 25, 15, 'Spergularia rubra (L.) J. Presl & C. Presl',
        'Nullam sit amet turpis elementum ligula vehicula consequat. Morbi a ipsum. Integer a nibh.')
     , (426, 26, 2, 'Colletia spinosissima J.F. Gmel.',
        'Donec diam neque, vestibulum eget, vulputate ut, ultrices vel, augue. Vestibulum ante ipsum primis in faucibus orci luctus et ultrices posuere cubilia Curae; Donec pharetra, magna vestibulum aliquet ultrices, erat tortor sollicitudin mi, sit amet lobortis sapien sapien non mi. Integer ac neque.')
     , (427, 27, 6, 'Stanleya elata M.E. Jones',
        'Pellentesque at nulla. Suspendisse potenti. Cras in purus eu magna vulputate luctus.')
     , (428, 28, 15, 'Aplectrum Torr.',
        'Aenean lectus. Pellentesque eget nunc. Donec quis orci eget orci vehicula condimentum.')
     , (429, 29, 7, 'Vernonia noveboracensis (L.) Michx.',
        'Curabitur gravida nisi at nibh. In hac habitasse platea dictumst. Aliquam augue quam, sollicitudin vitae, consectetuer eget, rutrum at, lorem.')
     , (430, 30, 17, 'Havardia pallens (Benth.) Britton & Rose',
        'Fusce posuere felis sed lacus. Morbi sem mauris, laoreet ut, rhoncus aliquet, pulvinar sed, nisl. Nunc rhoncus dui vel sem.')
     , (431, 31, 19, 'Ranunculus pedatifidus Sm.', 'Sed ante. Vivamus tortor. Duis mattis egestas metus.')
     , (432, 32, 6, 'Sidalcea malachroides (Hook. & Arn.) A. Gray',
        'In sagittis dui vel nisl. Duis ac nibh. Fusce lacus purus, aliquet at, feugiat non, pretium quis, lectus.')
     , (433, 33, 11, 'Heliotropium anomalum Hook. & Arn. var. anomalum Hook. & Arn. [excluded]',
        'Integer ac leo. Pellentesque ultrices mattis odio. Donec vitae nisi.')
     , (434, 34, 6, 'Timmia sibirica Lindb. & Arnell',
        'Integer ac leo. Pellentesque ultrices mattis odio. Donec vitae nisi.')
     , (435, 35, 19, 'Eriogonum gracilipes S. Watson',
        'Mauris enim leo, rhoncus sed, vestibulum sit amet, cursus id, turpis. Integer aliquet, massa id lobortis convallis, tortor risus dapibus augue, vel accumsan tellus nisi eu orci. Mauris lacinia sapien quis libero.')
     , (436, 36, 19, 'Brachythecium leibergii Grout',
        'Nullam sit amet turpis elementum ligula vehicula consequat. Morbi a ipsum. Integer a nibh.')
     , (437, 37, 7, 'Mimulus clivicola Greenm.',
        'Integer tincidunt ante vel ipsum. Praesent blandit lacinia erat. Vestibulum sed magna at nunc commodo placerat.')
     , (438, 38, 6, 'Silene douglasii Hook.',
        'Quisque porta volutpat erat. Quisque erat eros, viverra eget, congue eget, semper rutrum, nulla. Nunc purus.')
     , (439, 39, 8, 'Artemisia cana Pursh ssp. cana',
        'Cras non velit nec nisi vulputate nonummy. Maecenas tincidunt lacus at velit. Vivamus vel nulla eget eros elementum pellentesque.')
     , (440, 40, 11, 'Gyalidea hyalinescens (Nyl.) Vezda',
        'Fusce posuere felis sed lacus. Morbi sem mauris, laoreet ut, rhoncus aliquet, pulvinar sed, nisl. Nunc rhoncus dui vel sem.')
     , (441, 1, 10, 'Xanthoparmelia lineola (E.C. Berry) Hale',
        'Cum sociis natoque penatibus et magnis dis parturient montes, nascetur ridiculus mus. Vivamus vestibulum sagittis sapien. Cum sociis natoque penatibus et magnis dis parturient montes, nascetur ridiculus mus.')
     , (442, 2, 10, 'Phyllanthus pudens L.C. Wheeler',
        'Donec diam neque, vestibulum eget, vulputate ut, ultrices vel, augue. Vestibulum ante ipsum primis in faucibus orci luctus et ultrices posuere cubilia Curae; Donec pharetra, magna vestibulum aliquet ultrices, erat tortor sollicitudin mi, sit amet lobortis sapien sapien non mi. Integer ac neque.')
     , (443, 3, 16, 'Rhododendron atlanticum (Ashe) Rehder',
        'Duis bibendum, felis sed interdum venenatis, turpis enim blandit mi, in porttitor pede justo eu massa. Donec dapibus. Duis at velit eu est congue elementum.')
     , (444, 4, 10, 'Dillenia philippinensis Rolfe',
        'Lorem ipsum dolor sit amet, consectetuer adipiscing elit. Proin risus. Praesent lectus.')
     , (445, 5, 1, 'Erigeron procumbens (Houst. ex Mill.) G.L. Nesom',
        'Duis consequat dui nec nisi volutpat eleifend. Donec ut dolor. Morbi vel lectus in quam fringilla rhoncus.')
     , (446, 6, 19, 'Veronica beccabunga L.',
        'In quis justo. Maecenas rhoncus aliquam lacus. Morbi quis tortor id nulla ultrices aliquet.')
     , (447, 7, 20, 'Phlox caryophylla Wherry',
        'Fusce posuere felis sed lacus. Morbi sem mauris, laoreet ut, rhoncus aliquet, pulvinar sed, nisl. Nunc rhoncus dui vel sem.')
     , (448, 8, 6, 'Thelomma santessonii Tibell',
        'Maecenas ut massa quis augue luctus tincidunt. Nulla mollis molestie lorem. Quisque ut erat.')
     , (449, 9, 12, 'Philodendron hederaceum (Jacq.) Schott',
        'Aenean lectus. Pellentesque eget nunc. Donec quis orci eget orci vehicula condimentum.')
     , (450, 10, 4, 'Oxalis violacea L.',
        'Cras non velit nec nisi vulputate nonummy. Maecenas tincidunt lacus at velit. Vivamus vel nulla eget eros elementum pellentesque.')
     , (451, 11, 7, 'Sophora chrysophylla (Salisb.) Seem.',
        'Duis bibendum, felis sed interdum venenatis, turpis enim blandit mi, in porttitor pede justo eu massa. Donec dapibus. Duis at velit eu est congue elementum.')
     , (452, 12, 10, 'Camissonia campestris (Greene) P.H. Raven ssp. obispoensis P.H. Raven',
        'Nullam porttitor lacus at turpis. Donec posuere metus vitae ipsum. Aliquam non mauris.')
     , (453, 13, 9, 'Amblyolepis DC.',
        'Phasellus sit amet erat. Nulla tempus. Vivamus in felis eu sapien cursus vestibulum.')
     , (454, 14, 13, 'Platanthera obtusata (Banks ex Pursh) Lindl.',
        'Nam ultrices, libero non mattis pulvinar, nulla pede ullamcorper augue, a suscipit nulla elit ac nulla. Sed vel enim sit amet nunc viverra dapibus. Nulla suscipit ligula in lacus.')
     , (455, 15, 12, 'Stenanthium occidentale A. Gray',
        'Quisque porta volutpat erat. Quisque erat eros, viverra eget, congue eget, semper rutrum, nulla. Nunc purus.')
     , (456, 16, 18, 'Deinandra increscens (H.M. Hall ex D.D. Keck) B.G. Baldw.',
        'Nam ultrices, libero non mattis pulvinar, nulla pede ullamcorper augue, a suscipit nulla elit ac nulla. Sed vel enim sit amet nunc viverra dapibus. Nulla suscipit ligula in lacus.')
     , (457, 17, 5, 'Cladonia psoromica J.P. Dey',
        'Vestibulum ac est lacinia nisi venenatis tristique. Fusce congue, diam id ornare imperdiet, sapien urna pretium nisl, ut volutpat sapien arcu sed augue. Aliquam erat volutpat.')
     , (458, 18, 13, 'Gaillardia pinnatifida Torr. var. pinnatifida',
        'Nulla ut erat id mauris vulputate elementum. Nullam varius. Nulla facilisi.')
     , (459, 19, 18, 'Lomatium ambiguum (Nutt.) J.M. Coult. & Rose',
        'Quisque porta volutpat erat. Quisque erat eros, viverra eget, congue eget, semper rutrum, nulla. Nunc purus.')
     , (460, 20, 7, 'Juniperus maritima R.P. Adams',
        'Pellentesque at nulla. Suspendisse potenti. Cras in purus eu magna vulputate luctus.')
     , (461, 21, 15, 'Achnatherum wallowaense Maze & K.A. Robson',
        'Fusce posuere felis sed lacus. Morbi sem mauris, laoreet ut, rhoncus aliquet, pulvinar sed, nisl. Nunc rhoncus dui vel sem.')
     , (462, 22, 10, 'Fimbristylis vahlii (Lam.) Link',
        'Nulla ut erat id mauris vulputate elementum. Nullam varius. Nulla facilisi.')
     , (463, 23, 15, 'Anethum L.',
        'Phasellus sit amet erat. Nulla tempus. Vivamus in felis eu sapien cursus vestibulum.')
     , (464, 24, 17, 'Ditrichum flexicaule (Schwägr.) Hampe',
        'Phasellus in felis. Donec semper sapien a libero. Nam dui.')
     , (465, 25, 6, 'Lesquerella alpina (Nutt.) S. Watson var. alpina',
        'In quis justo. Maecenas rhoncus aliquam lacus. Morbi quis tortor id nulla ultrices aliquet.')
     , (466, 26, 5, 'Leptosiphon floribundum (A. Gray) J.M. Porter & L.A. Johnson',
        'Vestibulum ac est lacinia nisi venenatis tristique. Fusce congue, diam id ornare imperdiet, sapien urna pretium nisl, ut volutpat sapien arcu sed augue. Aliquam erat volutpat.')
     , (467, 27, 10, 'Lecanactis dubia G. Merr.',
        'Cum sociis natoque penatibus et magnis dis parturient montes, nascetur ridiculus mus. Vivamus vestibulum sagittis sapien. Cum sociis natoque penatibus et magnis dis parturient montes, nascetur ridiculus mus.')
     , (468, 28, 7, 'Abies procera Rehder',
        'Pellentesque at nulla. Suspendisse potenti. Cras in purus eu magna vulputate luctus.')
     , (469, 29, 4, 'Cacaliopsis A. Gray',
        'Cras non velit nec nisi vulputate nonummy. Maecenas tincidunt lacus at velit. Vivamus vel nulla eget eros elementum pellentesque.')
     , (470, 30, 12, 'Curculigo capitulata (Lour.) Kuntze',
        'Integer ac leo. Pellentesque ultrices mattis odio. Donec vitae nisi.')
     , (471, 31, 16, 'Bidens cuneata Sherff',
        'Maecenas leo odio, condimentum id, luctus nec, molestie sed, justo. Pellentesque viverra pede ac diam. Cras pellentesque volutpat dui.')
     , (472, 32, 16, 'Crataegus pinetorum Beadle',
        'Suspendisse potenti. In eleifend quam a odio. In hac habitasse platea dictumst.')
     , (473, 33, 16, 'Phyllanthus abnormis Baill. var. riograndensis G.L. Webster',
        'Sed ante. Vivamus tortor. Duis mattis egestas metus.')
     , (474, 34, 5, 'Cordia alliodora (Ruiz & Pav.) Oken',
        'Curabitur at ipsum ac tellus semper interdum. Mauris ullamcorper purus sit amet nulla. Quisque arcu libero, rutrum ac, lobortis vel, dapibus at, diam.')
     , (475, 35, 14, 'Lecania shastensis Herre', 'Phasellus in felis. Donec semper sapien a libero. Nam dui.')
     , (476, 36, 8, 'Phlox speciosa Pursh',
        'Suspendisse potenti. In eleifend quam a odio. In hac habitasse platea dictumst.')
     , (477, 37, 15, 'Pyrenula aquila R.C. Harris',
        'Duis bibendum, felis sed interdum venenatis, turpis enim blandit mi, in porttitor pede justo eu massa. Donec dapibus. Duis at velit eu est congue elementum.')
     , (478, 38, 7, 'Acacia schaffneri (S. Watson) F.J. Herm. var. bravoensis Isely',
        'Duis aliquam convallis nunc. Proin at turpis a pede posuere nonummy. Integer non velit.')
     , (479, 39, 5, 'Atriplex obovata Moq.',
        'In hac habitasse platea dictumst. Morbi vestibulum, velit id pretium iaculis, diam erat fermentum justo, nec condimentum neque sapien placerat ante. Nulla justo.')
     , (480, 40, 8, 'Orthodontium gracile (Wilson) Schwägr. ex Bruch & Schimp.',
        'Cras mi pede, malesuada in, imperdiet et, commodo vulputate, justo. In blandit ultrices enim. Lorem ipsum dolor sit amet, consectetuer adipiscing elit.')
     , (481, 1, 5, 'Metrosideros waialealae (Rock) Rock var. waialealae',
        'Aenean fermentum. Donec ut mauris eget massa tempor convallis. Nulla neque libero, convallis eget, eleifend luctus, ultricies eu, nibh.')
     , (482, 2, 5, 'Woodwardia virginica (L.) Sm.',
        'Proin interdum mauris non ligula pellentesque ultrices. Phasellus id sapien in sapien iaculis congue. Vivamus metus arcu, adipiscing molestie, hendrerit at, vulputate vitae, nisl.')
     , (483, 3, 3, 'Tradescantia ×diffusa Bush (pro sp.)',
        'Phasellus in felis. Donec semper sapien a libero. Nam dui.')
     , (484, 4, 1, 'Crepis acuminata Nutt. ssp. pluriflora Babc. & Stebbins',
        'Duis bibendum. Morbi non quam nec dui luctus rutrum. Nulla tellus.')
     , (485, 5, 2, 'Fingerhuthia sesleriiformis Nees',
        'Quisque id justo sit amet sapien dignissim vestibulum. Vestibulum ante ipsum primis in faucibus orci luctus et ultrices posuere cubilia Curae; Nulla dapibus dolor vel est. Donec odio justo, sollicitudin ut, suscipit a, feugiat et, eros.')
     , (486, 6, 13, 'Gyalectidium filicinum Müll. Arg.',
        'Integer ac leo. Pellentesque ultrices mattis odio. Donec vitae nisi.')
     , (487, 7, 6, 'Fritillaria biflora Lindl.',
        'In hac habitasse platea dictumst. Etiam faucibus cursus urna. Ut tellus.')
     , (488, 8, 3, 'Dalea albida (Torr. & A. Gray) D.B. Ward',
        'Aenean lectus. Pellentesque eget nunc. Donec quis orci eget orci vehicula condimentum.')
     , (489, 9, 10, 'Orobanche pinorum Geyer ex Hook.',
        'Phasellus sit amet erat. Nulla tempus. Vivamus in felis eu sapien cursus vestibulum.')
     , (490, 10, 7, 'Lupinus cumulicola Small',
        'Mauris enim leo, rhoncus sed, vestibulum sit amet, cursus id, turpis. Integer aliquet, massa id lobortis convallis, tortor risus dapibus augue, vel accumsan tellus nisi eu orci. Mauris lacinia sapien quis libero.')
     , (491, 11, 10, 'Stereocaulon glaucescens Tuck.', 'Sed ante. Vivamus tortor. Duis mattis egestas metus.')
     , (492, 12, 16, 'Botrychium lanceolatum (S.G. Gmel.) Angstr.',
        'Integer ac leo. Pellentesque ultrices mattis odio. Donec vitae nisi.')
     , (493, 13, 2, 'Cuscuta compacta Juss. ex Choisy var. efimbriata Yunck.',
        'Duis consequat dui nec nisi volutpat eleifend. Donec ut dolor. Morbi vel lectus in quam fringilla rhoncus.')
     , (494, 14, 6, 'Arachis prostrata Benth.',
        'Quisque porta volutpat erat. Quisque erat eros, viverra eget, congue eget, semper rutrum, nulla. Nunc purus.')
     , (495, 15, 14, 'Achnatherum stillmanii (Bol.) Barkworth',
        'Aenean lectus. Pellentesque eget nunc. Donec quis orci eget orci vehicula condimentum.')
     , (496, 16, 13, 'Mycoglaena Hohnel',
        'Pellentesque at nulla. Suspendisse potenti. Cras in purus eu magna vulputate luctus.')
     , (497, 17, 19, 'Datisca glomerata (C. Presl) Baill.',
        'Vestibulum quam sapien, varius ut, blandit non, interdum in, ante. Vestibulum ante ipsum primis in faucibus orci luctus et ultrices posuere cubilia Curae; Duis faucibus accumsan odio. Curabitur convallis.')
     , (498, 18, 20, 'Astrothelium cinnamomeum (Eschw.) Müll. Arg.',
        'In congue. Etiam justo. Etiam pretium iaculis justo.')
     , (499, 19, 20, 'Astragalus minthorniae (Rydb.) Jeps. var. minthorniae',
        'Praesent blandit. Nam nulla. Integer pede justo, lacinia eget, tincidunt eget, tempus vel, pede.')
     , (500, 20, 11, 'Brachyelytrum aristosum (Michx.) Trel.',
        'Integer tincidunt ante vel ipsum. Praesent blandit lacinia erat. Vestibulum sed magna at nunc commodo placerat.');


DROP TABLE IF EXISTS `Employees`;

CREATE TABLE Employees
(
    employee_id   int AUTO_INCREMENT PRIMARY KEY,
    first_name    varchar(50) NOT NULL,
    last_name     varchar(50) NOT NULL,
    country       varchar(50),
    city          varchar(50),
    state         varchar(50),
    zip_code      varchar(50),
    gender        varchar(50),
    date_of_birth DATE,
    salary        varchar(50),
    project_id    int,
    is_remote     boolean,
    supervisor_id int,
    team_id       int,
    CONSTRAINT fk_9 FOREIGN KEY (supervisor_id) REFERENCES Employees (employee_id)
        ON DELETE RESTRICT
        ON UPDATE CASCADE,
    CONSTRAINT fk_10 FOREIGN KEY (team_id) REFERENCES Teams (team_id)
        ON DELETE RESTRICT
        ON UPDATE CASCADE,
    CONSTRAINT fk_99 FOREIGN KEY (project_id) REFERENCES Projects (project_id)
        ON DELETE RESTRICT
        ON UPDATE CASCADE
);

INSERT INTO Employees(employee_id, first_name, last_name, country, city, state, zip_code, gender,
                      date_of_birth, salary, is_remote, supervisor_id, team_id, project_id)
VALUES (1, 'Karlyn', 'Grafhom', 'China', 'Baishui', NULL, NULL, 'Female', '1968-11-26 01:26:42', '$249061.17',
        true, NULL, 23, 35)
     , (2, 'Wendell', 'Karlsson', 'Japan', 'Ōita', NULL, '879-7504', 'Male', '1943-07-03 18:50:20',
        '$413680.58', false, NULL, 12, 1)
     , (3, 'Adorne', 'Cherrison', 'Vietnam', 'Nghi Xuân', NULL, NULL, 'Female', '1984-05-11 20:40:18',
        '$209597.66', true, NULL, 19, 7)
     , (4, 'Panchito', 'Mangion', 'Ukraine', 'Железный порт', NULL, NULL, 'Male', '1975-12-09 06:30:12',
        '$333483.36', true, NULL, 7, 20)
     , (5, 'Johnathan', 'Bafford', 'Mali', 'Kidal', NULL, NULL, 'Male', '1979-06-13 23:07:55', '$207242.48',
        true, NULL, 13, 36)
     , (6, 'Gustavo', 'Prescott', 'Indonesia', 'Nangkasari', NULL, NULL, 'Male', '1962-05-19 06:43:42',
        '$410306.28', true, NULL, 6, 13)
     , (7, 'Jeramey', 'Grigsby', 'Philippines', 'Mansilingan', NULL, '6129', 'Male', '1967-12-05 15:41:21',
        '$399573.72', true, NULL, 15, 16)
     , (8, 'Marlena', 'Hinze', 'Brazil', 'Salto', NULL, '13320-000', 'Female', '1969-09-06 00:24:33',
        '$448330.63', false, NULL, 18, 9)
     , (9, 'Leslie', 'Sexon', 'Lebanon', 'Bcharré', NULL, NULL, 'Male', '1940-12-04 03:16:06', '$232647.69',
        false, NULL, 27, 2)
     , (10, 'Alverta', 'Stuckey', 'Philippines', 'Muñoz East', NULL, '5407', 'Female', '1951-06-08 20:41:55',
        '$138021.80', false, NULL, 8, 33)
     , (11, 'Janenna', 'Cogar', 'China', 'Gaoyang', NULL, NULL, 'Female', '1994-01-06 00:44:02', '$178119.87',
        true, NULL, 15, 18)
     , (12, 'Kanya', 'Shortall', 'Russia', 'Udomlya', NULL, '171843', 'Genderqueer', '1958-10-23 12:48:30',
        '$362985.27', true, NULL, 4, 27)
     , (13, 'Fernando', 'Cannicott', 'Macedonia', 'Kičevo', NULL, '6262', 'Polygender', '1972-11-30 13:56:15',
        '$199130.55', false, NULL, 25, 22)
     , (14, 'Anna', 'Rowbottom', 'China', 'Shajing', NULL, NULL, 'Female', '1982-04-08 09:02:59',
        '$127211.72', false, NULL, 33, 31)
     , (15, 'Jehanna', 'Iliffe', 'China', 'Dananyu', NULL, NULL, 'Female', '1993-10-18 01:45:55',
        '$347069.57', false, NULL, 22, 17)
     , (16, 'Matthaeus', 'Justis', 'Poland', 'Turze Pole', NULL, '36-212', 'Male', '1977-11-07 05:55:27',
        '$202317.39', true, NULL, 8, 15)
     , (17, 'Toby', 'Devenport', 'El Salvador', 'Santa Ana', NULL, NULL, 'Female', '1969-03-19 22:14:15',
        '$261949.99', false, NULL, 19, 22)
     , (18, 'Janos', 'Emlyn', 'China', 'Yinjiaxi', NULL, NULL, 'Male', '1949-09-18 23:10:32', '$132764.75',
        false, NULL, 8, 36)
     , (19, 'Brittney', 'Giraudy', 'Liberia', 'Greenville', NULL, NULL, 'Agender', '1991-11-29 13:19:49',
        '$230364.18', false, NULL, 18, 3)
     , (20, 'Fancie', 'Sells', 'United States', 'Mesquite', 'Texas', '75185', 'Female', '1985-07-26 16:06:48',
        '$333813.45', true, NULL, 18, 36)
     , (21, 'Fianna', 'Arnold', 'Thailand', 'Bua Yai', NULL, '30120', 'Female', '1960-07-05 01:32:49',
        '$391009.08', true, 8, 23, 23)
     , (22, 'Loralyn', 'Haldane', 'Indonesia', 'Seulimeum', NULL, NULL, 'Female', '1979-03-05 19:34:21',
        '$474435.08', false, 18, 37, 7)
     , (23, 'Ferdinand', 'Ashforth', 'Indonesia', 'Waepau', NULL, NULL, 'Male', '1942-04-12 20:31:11',
        '$203688.00', false, 12, 32, 2)
     , (24, 'Stanton', 'Marquess', 'Philippines', 'Madalum', NULL, '9315', 'Male', '1967-02-05 23:45:57',
        '$176186.60', true, 19, 8, 35)
     , (25, 'Rhianna', 'Zanutti', 'China', 'Jiuquan', NULL, NULL, 'Female', '2000-02-09 02:58:31',
        '$367307.69', false, 7, 31, 27)
     , (26, 'Katie', 'Ibotson', 'China', 'Huaihua', NULL, NULL, 'Female', '1973-11-26 19:50:46', '$149506.94',
        true, 4, 10, 26)
     , (27, 'Blinny', 'Aspenlon', 'China', 'Hebu', NULL, NULL, 'Polygender', '1964-09-12 05:42:03',
        '$215811.97', true, 16, 26, 31)
     , (28, 'Gib', 'Barenskie', 'Hungary', 'Miskolc', 'Borsod-Abaúj-Zemplén', '3504', 'Male',
        '1998-11-29 04:13:36', '$316072.54', true, 6, 5, 8)
     , (29, 'Pacorro', 'Bedbury', 'Indonesia', 'Bunobogu', NULL, NULL, 'Male', '1942-12-22 01:13:54',
        '$209967.21', false, 17, 29, 24)
     , (30, 'Louisette', 'Reuss', 'Russia', 'Magnitogorsk', NULL, '455051', 'Female', '1991-11-05 03:20:47',
        '$396401.68', false, 1, 20, 8)
     , (31, 'Ricky', 'Hunting', 'Sudan', 'Al Fūlah', NULL, NULL, 'Genderfluid', '1966-07-15 05:41:38',
        '$115243.68', false, 20, 19, 38)
     , (32, 'Helaine', 'Brotherhed', 'Indonesia', 'Pulau Tiga', NULL, NULL, 'Agender', '1964-05-25 22:32:00',
        '$257014.06', true, 15, 25, 29)
     , (33, 'Hilliard', 'Pougher', 'Canada', 'Cornwall', 'Prince Edward Island', 'L4E', 'Male',
        '1984-12-09 09:44:31', '$372340.53', true, 6, 32, 2)
     , (34, 'Gunar', 'Bernlin', 'Indonesia', 'Kaduheuleut', NULL, NULL, 'Male', '1999-08-03 14:57:37',
        '$405812.64', true, 11, 28, 27)
     , (35, 'Arvie', 'Kraut', 'Philippines', 'Bilad', NULL, '6401', 'Male', '1981-04-04 10:52:48',
        '$291876.96', true, 5, 13, 28)
     , (36, 'Noah', 'Robilliard', 'Portugal', 'Picoto', 'Braga', '4830-073', 'Male', '1995-08-02 14:45:44',
        '$425947.96', false, 10, 26, 5)
     , (37, 'Corette', 'Weekes', 'Czech Republic', 'Všemina', NULL, '763 15', 'Bigender',
        '1995-02-13 04:15:35', '$327675.88', false, 7, 33, 16)
     , (38, 'Hanan', 'Cleary', 'Indonesia', 'Triwil', NULL, NULL, 'Male', '1953-04-08 05:43:56', '$255076.05',
        false, 4, 7, 34)
     , (39, 'Pearl', 'Sloss', 'Mexico', 'Los Fresnos', 'Guanajuato', '36750', 'Female', '1967-08-02 21:21:32',
        '$445385.60', false, 9, 38, 40)
     , (40, 'Wenda', 'Slane', 'China', 'Zhangjiapan', NULL, NULL, 'Female', '1953-08-13 06:51:22',
        '$453685.19', false, 12, 17, 36)
     , (41, 'Patten', 'Phalp', 'Indonesia', 'Penambangan', NULL, NULL, 'Male', '1984-09-05 19:24:44',
        '$453443.63', true, 19, 37, 30)
     , (42, 'Maggee', 'Castellucci', 'Indonesia', 'Lairoka', NULL, NULL, 'Female', '1997-08-07 05:18:17',
        '$431493.29', true, 8, 15, 22)
     , (43, 'Rozalie', 'Boddy', 'Ukraine', 'Verkhniy Rohachyk', NULL, NULL, 'Female', '1972-04-15 05:16:52',
        '$301074.51', false, 18, 23, 9)
     , (44, 'Michelle', 'Ivashin', 'Portugal', 'Poiares', 'Bragança', '5180-344', 'Female',
        '1972-03-20 22:00:26', '$447015.49', true, 15, 40, 3)
     , (45, 'Byram', 'Lidgley', 'Guatemala', 'Barberena', NULL, '06002', 'Agender', '1972-03-14 14:38:40',
        '$179436.44', true, 14, 7, 23)
     , (46, 'Silvain', 'Mazzia', 'Denmark', 'Frederiksberg', 'Region Hovedstaden', '1950', 'Male',
        '1953-08-14 14:22:12', '$141799.81', true, 13, 5, 29)
     , (47, 'Catharina', 'Skitteral', 'Russia', 'Ochakovo-Matveyevskoye', NULL, '249028', 'Female',
        '1963-01-22 12:03:39', '$381134.96', false, 4, 1, 1)
     , (48, 'Gerik', 'McGonagle', 'Ecuador', 'Eloy Alfaro', NULL, NULL, 'Male', '1947-10-14 04:58:19',
        '$263084.75', false, 16, 12, 16)
     , (49, 'Cchaddie', 'Crux', 'Portugal', 'Santa Valha', 'Vila Real', '5430-236', 'Male',
        '1969-06-20 16:00:46', '$446361.72', false, 3, 19, 18)
     , (50, 'Forster', 'Bredgeland', 'Cameroon', 'Idenao', NULL, NULL, 'Male', '1987-02-11 13:46:21',
        '$116797.76', false, 7, 11, 22)
     , (51, 'Jammie', 'Cloughton', 'China', 'Ganyi', NULL, NULL, 'Female', '1949-11-12 20:46:07',
        '$141713.18', false, 10, 36, 8)
     , (52, 'Bartel', 'Coad', 'Thailand', 'Bang Rakam', NULL, '65140', 'Male', '1980-07-06 06:00:36',
        '$233712.19', true, 5, 10, 32)
     , (53, 'Samantha', 'Mc Gaughey', 'Portugal', 'Bairro do Margaça', 'Setúbal', '2965-530', 'Female',
        '1955-01-06 08:54:38', '$101513.21', true, 6, 13, 15)
     , (54, 'Catharine', 'Hankins', 'Sierra Leone', 'Kambia', NULL, NULL, 'Female', '1976-08-31 07:48:20',
        '$360806.65', false, 2, 39, 17)
     , (55, 'Erskine', 'Jendrich', 'Moldova', 'Mîndreşti', NULL, 'MD-5840', 'Male', '1994-06-23 22:58:20',
        '$478201.71', true, 11, 33, 6)
     , (56, 'Blanche', 'Rayman', 'Ireland', 'Ballina', NULL, 'F26', 'Female', '1944-12-15 11:31:57',
        '$126689.00', false, 12, 29, 7)
     , (57, 'Beauregard', 'Gibbett', 'Portugal', 'Cimo de Vila', 'Porto', '4615-092', 'Male',
        '1959-11-04 04:19:33', '$273352.03', false, 12, 33, 38)
     , (58, 'Lothario', 'Kleinmintz', 'Indonesia', 'Banggel', NULL, NULL, 'Male', '1986-10-05 19:19:21',
        '$459777.18', true, 10, 26, 28)
     , (59, 'Othilie', 'Wike', 'Indonesia', 'Sedandang', NULL, NULL, 'Female', '1970-07-15 00:24:30',
        '$476946.87', false, 9, 37, 8)
     , (60, 'Gian', 'Goodison', 'Indonesia', 'Ngangguk', NULL, NULL, 'Polygender', '1997-09-22 17:46:16',
        '$484518.20', true, 17, 24, 21)
     , (61, 'Job', 'Taig', 'Honduras', 'Las Trojes', NULL, NULL, 'Male', '1941-06-25 19:47:36', '$450436.44',
        false, 11, 19, 15)
     , (62, 'Maison', 'Realff', 'Kyrgyzstan', 'Iradan', NULL, NULL, 'Male', '1988-07-20 00:32:17',
        '$257840.88', true, 20, 12, 17)
     , (63, 'Ginelle', 'Keays', 'Croatia', 'Gospić', NULL, '53000', 'Female', '1984-10-27 13:38:58',
        '$116595.06', false, 8, 27, 12)
     , (64, 'Norris', 'Carmont', 'Mexico', 'Benito Juarez', 'Durango', '35180', 'Male', '1973-02-10 09:10:20',
        '$316196.65', true, 7, 35, 13)
     , (65, 'Leon', 'Sommersett', 'Pakistan', 'Mehar', NULL, '76330', 'Male', '1941-05-30 15:58:03',
        '$317482.22', false, 2, 21, 22)
     , (66, 'Onfroi', 'Vellender', 'China', 'Yunlu', NULL, NULL, 'Male', '1978-07-28 07:36:11', '$216294.76',
        false, 6, 14, 29)
     , (67, 'Augustin', 'Yurlov', 'France', 'Chartres', 'Centre', '28009 CEDEX', 'Male',
        '1971-05-05 06:43:11', '$437212.38', true, 19, 6, 27)
     , (68, 'Elonore', 'Shepstone', 'China', 'Qinglong', NULL, NULL, 'Female', '2000-03-11 11:24:51',
        '$178014.98', true, 13, 31, 19)
     , (69, 'Albie', 'Blenkharn', 'Sweden', 'Ludvika', 'Dalarna', '771 55', 'Male', '1964-02-06 04:28:50',
        '$211620.27', true, 14, 25, 2)
     , (70, 'Wilton', 'Parkman', 'Zambia', 'Limulunga', NULL, NULL, 'Male', '1965-04-28 04:57:57',
        '$198992.05', false, 15, 2, 36)
     , (71, 'Rebekkah', 'Matschek', 'Azerbaijan', 'Neftçala', NULL, NULL, 'Female', '1952-04-08 06:47:15',
        '$352447.92', false, 12, 27, 4)
     , (72, 'Sven', 'Copner', 'Cuba', 'Jobabo', NULL, NULL, 'Male', '1972-11-02 17:51:37', '$155564.77',
        false, 16, 15, 36)
     , (73, 'Bowie', 'Jubb', 'Afghanistan', 'Adraskan', NULL, NULL, 'Agender', '1974-02-11 10:04:39',
        '$190135.13', true, 15, 33, 21)
     , (74, 'Huntington', 'Coomer', 'China', 'Xibing', NULL, NULL, 'Male', '1990-10-31 17:36:02',
        '$138053.49', false, 8, 21, 12)
     , (75, 'Anne-corinne', 'Streatley', 'China', 'Gaoleshan', NULL, NULL, 'Female', '1967-06-17 03:25:04',
        '$379275.22', false, 17, 5, 17)
     , (76, 'Brandtr', 'Matusiak', 'Portugal', 'Feteira Grande', 'Ilha de São Miguel', '9630-305', 'Male',
        '1954-11-17 05:08:58', '$104797.12', true, 19, 10, 25)
     , (77, 'Mildred', 'Retchless', 'Papua New Guinea', 'Kerema', NULL, NULL, 'Female', '1956-11-18 08:59:30',
        '$498120.03', true, 2, 24, 30)
     , (78, 'Carleton', 'Golton', 'Sweden', 'Uppsala', 'Uppsala', '752 26', 'Male', '1975-08-18 13:42:02',
        '$312482.68', false, 14, 40, 15)
     , (79, 'Brand', 'Keri', 'Russia', 'Borok', NULL, '152743', 'Male', '1942-06-13 10:37:53', '$309430.20',
        false, 6, 9, 2)
     , (80, 'Nicola', 'Emson', 'Japan', 'Fukiage-fujimi', NULL, '369-0137', 'Female', '1960-07-09 23:29:17',
        '$326258.07', false, 4, 17, 24)
     , (81, 'Harcourt', 'Pleat', 'United States', 'Independence', 'Missouri', '64054', 'Male',
        '1964-10-07 17:38:26', '$453231.20', true, 7, 32, 11)
     , (82, 'Chick', 'Tschursch', 'Panama', 'Palmira', NULL, NULL, 'Polygender', '1987-01-01 10:16:36',
        '$270850.62', false, 11, 31, 18)
     , (83, 'Felecia', 'Clawson', 'Poland', 'Obsza', NULL, '23-413', 'Female', '1949-08-13 11:54:25',
        '$443609.93', false, 9, 22, 31)
     , (84, 'Hilde', 'Leighfield', 'France', 'Ivry-sur-Seine', 'Île-de-France', '94857 CEDEX', 'Female',
        '1988-02-17 14:56:36', '$375501.59', true, 1, 11, 20)
     , (85, 'Wesley', 'Apdell', 'Nicaragua', 'Santa Teresa', NULL, NULL, 'Male', '1942-02-14 19:53:49',
        '$361489.27', true, 8, 39, 13)
     , (86, 'Elysha', 'Fullun', 'Russia', 'Shalinskoye', NULL, '663510', 'Female', '1944-10-08 13:38:38',
        '$299921.54', false, 20, 2, 7)
     , (87, 'Malcolm', 'Duggon', 'Philippines', 'Maripipi', NULL, '6546', 'Male', '1978-11-22 02:28:53',
        '$310418.24', true, 16, 4, 14)
     , (88, 'Natale', 'Corder', 'Argentina', 'Paso de Indios', NULL, '9207', 'Male', '1992-10-28 19:50:21',
        '$115894.02', true, 5, 21, 11)
     , (89, 'Lilyan', 'Ravel', 'China', 'Anshun', NULL, NULL, 'Female', '1960-08-30 11:04:37', '$187653.53',
        true, 4, 11, 37)
     , (90, 'Anthea', 'Durnell', 'Taiwan', 'Taibao', NULL, NULL, 'Female', '1962-06-22 04:26:05',
        '$224379.53', true, 9, 12, 12)
     , (91, 'Lilah', 'Petruskevich', 'Russia', 'Severodvinsk', NULL, '164509', 'Female',
        '1982-04-07 23:27:00', '$229738.15', true, 7, 19, 24)
     , (92, 'Sabine', 'Sebring', 'China', 'Nanlang', NULL, NULL, 'Female', '1960-02-05 16:34:37',
        '$315775.49', false, 6, 16, 21)
     , (93, 'Bogart', 'McMorland', 'China', 'Zhongfan', NULL, NULL, 'Male', '1940-07-31 05:03:02',
        '$358175.14', false, 12, 5, 27)
     , (94, 'Hugo', 'Cunney', 'Czech Republic', 'Jaroměřice nad Rokytnou', NULL, '675 51', 'Male',
        '1953-08-06 01:33:26', '$416968.58', false, 11, 37, 36)
     , (95, 'Andros', 'Hinkens', 'Ireland', 'Confey', NULL, 'A86', 'Male', '1969-05-21 07:06:28',
        '$139556.00', false, 1, 35, 10)
     , (96, 'Andonis', 'McMakin', 'China', 'Dongjiao', NULL, NULL, 'Male', '1989-12-20 20:11:22',
        '$192276.23', true, 13, 23, 8)
     , (97, 'Lorin', 'Margrie', 'Azerbaijan', 'Bakıxanov', NULL, NULL, 'Male', '1983-02-23 22:58:29',
        '$437155.09', false, 17, 34, 6)
     , (98, 'Dannie', 'Voules', 'Canada', 'Swift Current', 'Saskatchewan', 'S9H', 'Non-binary',
        '1998-02-10 05:09:25', '$308373.54', false, 2, 40, 28)
     , (99, 'Bret', 'Prestner', 'Mexico', 'Santa Rosa', 'Veracruz Llave', '96556', 'Genderqueer',
        '1956-07-17 04:10:26', '$384632.05', false, 5, 14, 38)
     , (100, 'Britt', 'Lorenzo', 'Greece', 'Vágia', NULL, NULL, 'Female', '1958-05-10 14:32:45', '$494520.85',
        true, 18, 17, 34)
     , (101, 'Serene', 'Scrymgeour', 'Afghanistan', 'Dowlatyār', NULL, NULL, 'Female', '1977-06-08 17:58:15',
        '$164897.31', true, 12, 18, 26)
     , (102, 'Randolph', 'Wickmann', 'Armenia', 'Shahumyan', NULL, NULL, 'Male', '1948-11-06 22:14:10',
        '$215291.23', false, 1, 12, 35)
     , (103, 'Albert', 'Baxter', 'France', 'Troyes', 'Champagne-Ardenne', '10081 CEDEX', 'Male',
        '1945-06-03 11:07:19', '$294640.53', true, 8, 27, 28)
     , (104, 'Halsey', 'Randlesome', 'Poland', 'Świnice Warckie', NULL, '99-140', 'Genderfluid',
        '1953-01-25 04:30:49', '$454015.93', false, 9, 21, 10)
     , (105, 'Laure', 'Plumbe', 'Hungary', 'Budapest', 'Budapest', '1097', 'Female', '1979-10-21 16:01:37',
        '$438796.86', true, 20, 8, 6)
     , (106, 'Mikey', 'Petrazzi', 'Mali', 'Diré', NULL, NULL, 'Bigender', '1992-10-18 14:57:26', '$300654.12',
        false, 13, 28, 25)
     , (107, 'August', 'Scaysbrook', 'Argentina', 'Arias', NULL, '2624', 'Male', '1994-12-25 05:41:15',
        '$370569.43', false, 19, 29, 11)
     , (108, 'Merv', 'Stive', 'China', 'Hancheng', NULL, NULL, 'Male', '1970-06-14 09:40:43', '$437991.16',
        true, 16, 4, 40)
     , (109, 'Sharon', 'Nesbitt', 'Colombia', 'Mompós', NULL, '473008', 'Female', '1972-10-20 19:17:33',
        '$447688.03', false, 11, 40, 5)
     , (110, 'Sonja', 'Torrejon', 'Turkmenistan', 'Daşoguz', NULL, NULL, 'Female', '1995-01-22 22:20:10',
        '$462889.37', false, 2, 38, 31)
     , (111, 'Baxter', 'Fall', 'Indonesia', 'Ngrejo', NULL, NULL, 'Male', '1968-10-18 05:19:11', '$265260.72',
        false, 14, 34, 9)
     , (112, 'Ruperta', 'Stubbe', 'Macedonia', 'Otlja', NULL, '1315', 'Female', '1949-04-07 16:39:04',
        '$386193.13', true, 4, 25, 4)
     , (113, 'Nonnah', 'Waple', 'Russia', 'Sosnovka', NULL, '442064', 'Female', '1996-12-16 16:41:43',
        '$486804.78', true, 1, 38, 33)
     , (114, 'Merrill', 'Dailly', 'Indonesia', 'Pinrang', NULL, NULL, 'Male', '1953-08-08 13:18:19',
        '$353480.08', true, 12, 34, 14)
     , (115, 'Concordia', 'Delgardillo', 'China', 'Hengduo', NULL, NULL, 'Female', '1961-12-06 08:02:38',
        '$485292.14', false, 7, 25, 39)
     , (116, 'Jill', 'Brumpton', 'Russia', 'Priozërsk', NULL, '188760', 'Female', '1953-02-10 13:05:30',
        '$393989.90', true, 8, 36, 26)
     , (117, 'Jonathon', 'Mc Carroll', 'Russia', 'Spassk-Dal’niy', NULL, '692239', 'Male',
        '1985-06-30 08:46:22', '$239655.35', false, 11, 10, 21)
     , (118, 'Reynard', 'Wakeham', 'Russia', 'Vakhtan', NULL, '606900', 'Male', '1943-06-18 21:46:07',
        '$433332.06', true, 2, 12, 35)
     , (119, 'Miranda', 'Benzie', 'Czech Republic', 'Liběšice', NULL, '506 01', 'Female',
        '1945-09-17 15:24:32', '$339525.70', true, 5, 8, 27)
     , (120, 'Denys', 'Tristram', 'Hungary', 'Budapest', 'Budapest', '1086', 'Female', '1988-07-25 10:09:48',
        '$277244.22', true, 10, 39, 3)
     , (121, 'Dasie', 'Creenan', 'Malaysia', 'Petaling Jaya', 'Selangor', '46964', 'Female',
        '1965-08-16 06:19:18', '$159071.20', false, 3, 31, 15)
     , (122, 'Layton', 'Longman', 'Brazil', 'Tarauacá', NULL, '69970-000', 'Male', '1980-01-30 02:19:02',
        '$241912.62', true, 9, 13, 36)
     , (123, 'Mata', 'Dawkins', 'Kazakhstan', 'Ust-Kamenogorsk', NULL, NULL, 'Male', '1980-08-28 04:35:57',
        '$464297.62', false, 20, 18, 40)
     , (124, 'Therese', 'Greensall', 'Gambia', 'Pateh Sam', NULL, NULL, 'Female', '1953-12-08 14:57:04',
        '$314278.36', false, 18, 30, 11)
     , (125, 'Fidelia', 'Cheale', 'Indonesia', 'Hobonio', NULL, NULL, 'Female', '1991-01-15 16:30:45',
        '$414006.54', true, 14, 40, 10)
     , (126, 'Naomi', 'Molder', 'Philippines', 'Binlod', NULL, '6267', 'Female', '1972-03-22 10:01:23',
        '$321265.14', false, 4, 7, 8)
     , (127, 'Bryon', 'Pryn', 'Czech Republic', 'Černožice', NULL, '503 04', 'Male', '1954-10-15 22:20:10',
        '$265297.74', false, 11, 21, 33)
     , (128, 'Lamar', 'Lars', 'Indonesia', 'Umanggudang', NULL, NULL, 'Male', '1961-03-28 22:18:21',
        '$133130.21', true, 1, 3, 28)
     , (129, 'Tedmund', 'Windeatt', 'United States', 'El Paso', 'Texas', '88525', 'Male',
        '1991-02-11 01:42:06', '$149875.70', false, 18, 1, 5)
     , (130, 'Marshall', 'Swinnerton', 'China', 'Keyinhe', NULL, NULL, 'Male', '1949-07-04 10:51:18',
        '$288975.97', false, 14, 11, 29)
     , (131, 'Kippie', 'Yeowell', 'Russia', 'Maykor', NULL, '619184', 'Male', '1966-02-22 17:29:20',
        '$318264.32', false, 3, 27, 37)
     , (132, 'Jefferson', 'Gyles', 'France', 'Roubaix', 'Nord-Pas-de-Calais', '59055 CEDEX 1', 'Male',
        '1988-01-05 11:27:10', '$352039.80', false, 9, 31, 23)
     , (133, 'Hunfredo', 'Care', 'Russia', 'Yazykovo', NULL, '453444', 'Male', '1961-07-20 07:24:22',
        '$245548.87', true, 5, 10, 39)
     , (134, 'Francisco', 'Jurewicz', 'Syria', 'Ḩuraytān', NULL, NULL, 'Male', '1948-02-18 04:07:56',
        '$443068.44', true, 12, 30, 38)
     , (135, 'Renata', 'Kunkel', 'Poland', 'Tokarnia', NULL, '32-436', 'Female', '1990-06-08 21:37:38',
        '$173566.17', false, 15, 13, 2)
     , (136, 'Patrizio', 'Faherty', 'Pakistan', 'Jāndiāla Sher Khān', NULL, '38860', 'Male',
        '1966-12-05 20:29:36', '$315639.89', false, 4, 37, 21)
     , (137, 'Marco', 'Mackieson', 'Ivory Coast', 'Affery', NULL, NULL, 'Male', '1960-02-10 11:27:13',
        '$233185.02', false, 20, 40, 6)
     , (138, 'Moses', 'Howselee', 'Indonesia', 'Weetobula', NULL, NULL, 'Male', '1951-01-12 12:29:07',
        '$252272.86', false, 19, 17, 35)
     , (139, 'Nicola', 'Jordon', 'Brazil', 'Boa Vista', NULL, '69300-000', 'Male', '1968-12-22 14:05:30',
        '$336850.74', true, 8, 9, 1)
     , (140, 'Cristobal', 'Haresign', 'Chile', 'Rauco', NULL, NULL, 'Genderqueer', '1991-10-21 19:08:39',
        '$486231.09', false, 2, 24, 15)
     , (141, 'Silvie', 'Gotts', 'Poland', 'Brzyska', NULL, '38-212', 'Female', '1943-10-18 03:07:05',
        '$386881.84', false, 5, 16, 24)
     , (142, 'Flor', 'Morrison', 'Finland', 'Länsi-Turunmaa', NULL, '33450', 'Female', '1942-09-08 10:33:45',
        '$394194.57', false, 11, 3, 36)
     , (143, 'Culley', 'Gricks', 'Mongolia', 'Khujirt', NULL, NULL, 'Male', '1983-02-11 16:21:07',
        '$463109.67', true, 14, 40, 31)
     , (144, 'Cyb', 'Gooders', 'China', 'Songhe', NULL, NULL, 'Female', '1980-05-03 07:50:02', '$227033.51',
        true, 15, 29, 14)
     , (145, 'Burton', 'Drysdale', 'China', 'Shengmi', NULL, NULL, 'Male', '1969-12-04 11:58:59',
        '$100055.09', true, 9, 34, 8)
     , (146, 'Jaine', 'Geraud', 'Indonesia', 'Jepat Kidul', NULL, NULL, 'Female', '1983-05-17 23:12:40',
        '$432564.80', false, 4, 23, 17)
     , (147, 'Welch', 'Covely', 'Indonesia', 'Kapunduk', NULL, NULL, 'Male', '1965-05-05 02:17:44',
        '$476151.16', true, 10, 18, 30)
     , (148, 'Chase', 'Morgon', 'Philippines', 'Oslob', NULL, '6025', 'Male', '1964-05-18 04:38:34',
        '$388556.14', false, 18, 6, 39)
     , (149, 'Sianna', 'Janning', 'Palau', 'Kayangel', NULL, NULL, 'Female', '1975-05-11 19:53:32',
        '$445446.37', true, 16, 11, 27)
     , (150, 'Gaspard', 'Cammis', 'Indonesia', 'Panyarang', NULL, NULL, 'Male', '1977-01-01 07:26:48',
        '$217717.75', false, 13, 13, 9)
     , (151, 'Marcos', 'Douse', 'Croatia', 'Grubišno Polje', NULL, '43290', 'Male', '1969-11-25 21:42:35',
        '$288847.04', false, 2, 8, 20)
     , (152, 'Ania', 'Duesberry', 'Indonesia', 'Seren Barat', NULL, NULL, 'Female', '1975-03-05 09:05:04',
        '$437832.73', false, 12, 33, 25)
     , (153, 'Mala', 'Casaletto', 'Ivory Coast', 'Aboisso', NULL, NULL, 'Female', '1943-05-29 15:01:12',
        '$331551.36', true, 3, 10, 33)
     , (154, 'Delora', 'Bentham3', 'China', 'Baishuitan', NULL, NULL, 'Female', '1998-12-29 23:01:57',
        '$107288.58', true, 17, 32, 23)
     , (155, 'Donetta', 'Corneck', 'Nigeria', 'Dan Sadau', NULL, NULL, 'Genderfluid', '1959-03-02 05:01:41',
        '$196754.93', false, 6, 36, 38)
     , (156, 'Miles', 'Raigatt', 'Indonesia', 'Tayu', NULL, NULL, 'Male', '1972-02-28 23:47:42', '$372382.03',
        false, 17, 4, 25)
     , (157, 'Charisse', 'Digges', 'Portugal', 'Casal de Cambra', 'Lisboa', '2605-006', 'Female',
        '1942-06-18 13:29:13', '$414459.58', false, 7, 26, 21)
     , (158, 'Rachelle', 'Daingerfield', 'Dominica', 'Roseau', NULL, NULL, 'Female', '1981-08-03 09:10:28',
        '$412882.83', false, 14, 25, 14)
     , (159, 'Nat', 'Upchurch', 'Nicaragua', 'Jinotega', NULL, NULL, 'Male', '1951-02-02 00:34:37',
        '$231049.97', true, 11, 20, 23)
     , (160, 'Marybeth', 'Husset', 'Indonesia', 'Sindangsari', NULL, NULL, 'Bigender', '1958-12-26 16:39:43',
        '$421097.39', true, 13, 14, 19)
     , (161, 'Walker', 'Creffeild', 'Brazil', 'Imperatriz', NULL, '65900-000', 'Male', '1979-06-06 02:42:13',
        '$240742.31', true, 19, 11, 17)
     , (162, 'Gabbie', 'Ishak', 'Haiti', 'Carrefour', NULL, NULL, 'Male', '1947-04-29 23:56:01', '$431150.90',
        true, 8, 33, 4)
     , (163, 'Mae', 'Eliff', 'Argentina', 'General Alvear', NULL, '3361', 'Female', '1949-10-01 21:19:50',
        '$384998.74', true, 1, 18, 5)
     , (164, 'Libbie', 'Gauden', 'Philippines', 'Pañgobilian', NULL, '9217', 'Female', '1998-04-08 11:18:15',
        '$218219.44', false, 16, 37, 37)
     , (165, 'Leona', 'Dussy', 'China', 'Bieqiao', NULL, NULL, 'Female', '1949-07-07 22:40:49', '$385331.84',
        false, 2, 35, 36)
     , (166, 'Herold', 'Ramstead', 'Russia', 'Petrovskiy', NULL, '399445', 'Male', '1985-04-19 01:21:36',
        '$315459.37', false, 10, 3, 2)
     , (167, 'Reid', 'Caulwell', 'Portugal', 'Pombal', 'Porto', '4620-261', 'Male', '1954-02-28 10:28:02',
        '$261261.47', true, 12, 9, 10)
     , (168, 'Adelbert', 'Nickell', 'Russia', 'Ostankinskiy', NULL, '901993', 'Male', '2000-04-10 12:36:40',
        '$497550.03', false, 5, 15, 7)
     , (169, 'Zorah', 'Brasener', 'China', 'Xinglong', NULL, NULL, 'Genderfluid', '1972-10-02 17:22:26',
        '$198485.54', true, 18, 10, 23)
     , (170, 'Clywd', 'Ram', 'Portugal', 'Crasto', 'Porto', '4610-017', 'Male', '1945-02-13 17:31:09',
        '$107140.43', true, 14, 38, 3)
     , (171, 'Brenden', 'Hornung', 'Czech Republic', 'Žihle', NULL, '331 65', 'Male', '1943-06-21 01:05:34',
        '$114813.19', false, 4, 21, 5)
     , (172, 'Rubetta', 'Tenaunt', 'Indonesia', 'Banjarbaru', NULL, NULL, 'Female', '1957-12-18 03:59:05',
        '$156784.89', false, 19, 15, 7)
     , (173, 'Mattheus', 'Lemoir', 'Armenia', 'Varser', NULL, NULL, 'Male', '1993-12-24 03:26:22',
        '$302781.75', true, 7, 1, 24)
     , (174, 'Abigale', 'Premble', 'Japan', 'Hotaka', NULL, '399-8303', 'Female', '1988-02-06 23:29:45',
        '$345701.67', false, 16, 14, 39)
     , (175, 'Flint', 'Croster', 'Canada', 'Picton', 'Ontario', 'S0H', 'Male', '1953-03-06 01:39:02',
        '$397944.69', false, 20, 17, 2)
     , (176, 'Fiorenze', 'Creffeild', 'Thailand', 'Ban Phan Don', NULL, '41220', 'Female',
        '1998-11-16 13:13:18', '$369783.74', true, 2, 27, 21)
     , (177, 'Kale', 'Lewson', 'Indonesia', 'Kahuripan', NULL, NULL, 'Male', '1944-11-11 18:20:03',
        '$201479.80', true, 11, 23, 22)
     , (178, 'Gerrilee', 'Buscher', 'Indonesia', 'Basiong', NULL, NULL, 'Female', '1979-11-19 04:40:17',
        '$394290.10', true, 6, 9, 11)
     , (179, 'Theda', 'Nickoll', 'China', 'Haoxue', NULL, NULL, 'Female', '1997-03-11 18:32:05', '$189596.71',
        true, 5, 19, 19)
     , (180, 'Bendite', 'Vasse', 'Russia', 'Rasskazovo', NULL, '301288', 'Female', '1977-07-04 12:49:56',
        '$238030.78', false, 8, 16, 30)
     , (181, 'Rem', 'Luchetti', 'Iran', 'Chelgard', NULL, NULL, 'Male', '1958-06-08 17:45:26', '$379093.07',
        false, 13, 22, 16)
     , (182, 'Hugo', 'MacIlurick', 'South Korea', 'Hongch’ŏn', NULL, NULL, 'Male', '1941-01-11 08:52:55',
        '$236745.40', false, 10, 36, 37)
     , (183, 'Quentin', 'Liles', 'Brazil', 'Santa Fé do Sul', NULL, '15775-000', 'Female',
        '1959-04-20 01:28:50', '$284804.00', false, 11, 20, 14)
     , (184, 'Aleda', 'Hof', 'Brazil', 'João Pessoa', NULL, '58000-000', 'Female', '1973-12-26 06:12:04',
        '$186418.43', true, 18, 10, 12)
     , (185, 'Theresina', 'Cristofor', 'Venezuela', 'Urachiche', NULL, NULL, 'Female', '1940-07-14 12:24:41',
        '$329229.99', false, 6, 5, 38)
     , (186, 'Ogdon', 'Bowles', 'Tunisia', 'La Mohammedia', NULL, NULL, 'Male', '1977-07-26 13:28:05',
        '$187989.29', true, 13, 15, 25)
     , (187, 'Urbanus', 'Ditty', 'France', 'Saint-Nazaire', 'Pays de la Loire', '44604 CEDEX', 'Male',
        '1960-11-20 22:36:15', '$134674.48', false, 9, 4, 34)
     , (188, 'Fionna', 'Sharrock', 'Brazil', 'Barueri', NULL, '06400-000', 'Female', '1956-02-07 02:06:10',
        '$301725.69', false, 2, 27, 20)
     , (189, 'Tadd', 'Twells', 'Portugal', 'Fundão', 'Castelo Branco', '6230-207', 'Male',
        '1964-04-28 04:55:59', '$468962.30', false, 1, 28, 1)
     , (190, 'Maximo', 'Corp', 'United States', 'Dulles', 'Virginia', '20189', 'Male', '1941-11-23 10:30:07',
        '$133221.78', false, 14, 14, 24)
     , (191, 'Cash', 'Bliben', 'Vietnam', 'Phù Cát', NULL, NULL, 'Male', '1951-09-30 16:47:54', '$356584.98',
        false, 8, 18, 3)
     , (192, 'Conchita', 'Simukov', 'China', 'Zaolin', NULL, NULL, 'Female', '1959-06-21 09:15:03',
        '$249740.33', false, 3, 17, 2)
     , (193, 'Peg', 'Gauchier', 'Sweden', 'Stocksund', 'Stockholm', '182 74', 'Female', '1963-07-13 16:43:29',
        '$370060.31', true, 4, 3, 39)
     , (194, 'Seymour', 'Betteson', 'Portugal', 'Mourelos', 'Coimbra', '3025-600', 'Male',
        '1966-05-27 16:30:19', '$315805.23', false, 7, 32, 13)
     , (195, 'Vladimir', 'MacMenamie', 'Czech Republic', 'Kralice na Hané', NULL, '798 12', 'Bigender',
        '1992-12-10 05:36:01', '$168624.88', false, 20, 21, 23)
     , (196, 'Carlynn', 'Cale', 'Panama', 'Pueblo Nuevo', NULL, NULL, 'Female', '1995-01-09 07:57:44',
        '$345975.21', true, 15, 25, 40)
     , (197, 'Marci', 'Rohlfing', 'Russia', 'Ten’gushevo', NULL, '607343', 'Female', '1968-06-18 16:42:41',
        '$395071.37', true, 13, 11, 3)
     , (198, 'Kaela', 'Judron', 'Russia', 'Borodinskiy', NULL, '188961', 'Bigender', '1961-10-29 20:43:59',
        '$241255.51', false, 18, 1, 1)
     , (199, 'Fraser', 'Bernardotti', 'China', 'Baoxing', NULL, NULL, 'Male', '1945-07-21 16:07:40',
        '$104268.41', true, 15, 8, 36)
     , (200, 'Tiffy', 'Saxelby', 'China', 'Tiebukenwusan', NULL, NULL, 'Genderqueer', '1956-03-16 17:00:04',
        '$315365.96', false, 5, 31, 11)
     , (201, 'Anstice', 'Snaden', 'China', 'Chengshan', NULL, NULL, 'Female', '1968-12-24 20:28:43',
        '$142120.40', false, 9, 17, 35)
     , (202, 'Nydia', 'Baker', 'Canada', 'Powassan', 'Ontario', 'E3G', 'Female', '1942-12-02 05:15:53',
        '$150174.47', false, 17, 5, 13)
     , (203, 'Katinka', 'Nyland', 'Portugal', 'Azaruja', 'Évora', '7005-104', 'Female', '1958-09-06 19:49:19',
        '$445531.99', true, 14, 4, 7)
     , (204, 'Aurora', 'Mellodey', 'Brazil', 'Otacílio Costa', NULL, '88540-000', 'Female',
        '1974-01-16 02:11:20', '$364587.67', false, 4, 32, 38)
     , (205, 'Giulio', 'Mottershaw', 'China', 'Lengji', NULL, NULL, 'Non-binary', '1983-04-07 20:21:43',
        '$332154.23', false, 19, 16, 26)
     , (206, 'Jill', 'Suttell', 'United States', 'Columbus', 'Ohio', '43240', 'Female', '1966-07-19 16:51:56',
        '$309402.21', false, 12, 24, 6)
     , (207, 'Dorelia', 'Starkey', 'Slovenia', 'Hrastnik', NULL, '1430', 'Female', '1994-11-20 01:41:35',
        '$185663.16', false, 11, 20, 22)
     , (208, 'Haily', 'Teasey', 'Bahamas', 'George Town', NULL, NULL, 'Male', '1994-08-02 19:13:11',
        '$461677.62', true, 1, 2, 29)
     , (209, 'Kimberlee', 'Soot', 'Uruguay', 'Treinta y Tres', NULL, NULL, 'Female', '1943-02-03 14:26:46',
        '$467893.69', false, 7, 6, 32)
     , (210, 'Lorene', 'Toffetto', 'Equatorial Guinea', 'Bicurga', NULL, NULL, 'Female',
        '1991-02-22 01:20:54', '$150129.25', false, 2, 23, 27)
     , (211, 'Emory', 'Marcombe', 'China', 'Shangdu', NULL, NULL, 'Genderqueer', '1969-10-06 01:04:14',
        '$440586.79', true, 4, 5, 28)
     , (212, 'Alasteir', 'Ferrillio', 'Venezuela', 'Las Tejerías', NULL, NULL, 'Male', '1964-08-22 09:29:16',
        '$297319.25', true, 14, 21, 18)
     , (213, 'Brade', 'Clohisey', 'Mongolia', 'Jargalant', NULL, NULL, 'Male', '1969-01-10 18:22:17',
        '$133798.67', true, 3, 2, 22)
     , (214, 'Tove', 'Grieves', 'Guatemala', 'San Pedro Sacatepéquez', NULL, '01059', 'Female',
        '1989-12-14 03:41:50', '$166970.85', false, 5, 30, 23)
     , (215, 'Maudie', 'Benini', 'Thailand', 'Khu Khan', NULL, '56110', 'Female', '1968-11-29 10:20:21',
        '$329555.78', false, 1, 33, 37)
     , (216, 'Rita', 'Purry', 'Portugal', 'Nogueira', 'Ilha da Madeira', '9135-413', 'Female',
        '1946-03-28 11:06:55', '$202385.56', true, 8, 38, 15)
     , (217, 'Enrichetta', 'Colkett', 'China', 'Zhuangke', NULL, NULL, 'Agender', '1984-07-21 23:33:05',
        '$499377.78', true, 17, 39, 5)
     , (218, 'Cull', 'Eden', 'China', 'Yajiang', NULL, NULL, 'Male', '1966-03-19 17:36:48', '$425886.02',
        false, 9, 10, 39)
     , (219, 'Killie', 'Gomery', 'Indonesia', 'Sumberrojokrajan', NULL, NULL, 'Male', '1960-07-26 06:54:14',
        '$160565.98', true, 16, 4, 32)
     , (220, 'Lorry', 'Hand', 'Germany', 'Hamburg', 'Hamburg', '22041', 'Male', '1998-03-28 23:34:56',
        '$354008.92', true, 19, 17, 29)
     , (221, 'Vassily', 'Jancy', 'Sweden', 'Deje', 'Värmland', '669 31', 'Male', '1986-08-17 09:17:45',
        '$327667.14', false, 15, 23, 27)
     , (222, 'Shae', 'Linnard', 'Indonesia', 'Jaga', NULL, NULL, 'Male', '1967-08-15 17:27:13', '$111983.91',
        false, 2, 27, 21)
     , (223, 'Stanton', 'Castiblanco', 'Pakistan', 'Kandhkot', NULL, '79160', 'Genderfluid',
        '1992-10-14 01:42:02', '$416319.33', true, 6, 9, 13)
     , (224, 'Wells', 'Shead', 'China', 'Zhuangbian', NULL, NULL, 'Genderfluid', '1980-04-27 19:53:05',
        '$430666.32', true, 11, 6, 19)
     , (225, 'Dino', 'Nears', 'Indonesia', 'Waikambila', NULL, NULL, 'Male', '1944-05-16 00:55:49',
        '$199739.65', false, 9, 8, 38)
     , (226, 'Erek', 'Oakden', 'China', 'Longtanhe', NULL, NULL, 'Male', '1996-10-30 10:18:44', '$326837.88',
        true, 1, 16, 27)
     , (227, 'Jimmie', 'Gyorffy', 'Portugal', 'Zouparria do Monte', 'Coimbra', '3020-895', 'Non-binary',
        '1940-12-28 15:10:32', '$451564.59', true, 17, 28, 34)
     , (228, 'Mellie', 'Trainer', 'Philippines', 'Subic', NULL, '2209', 'Female', '1987-05-22 12:42:22',
        '$389069.48', false, 15, 31, 20)
     , (229, 'Bevin', 'Cowie', 'Portugal', 'Feteira Pequena', 'Ilha de São Miguel', '9630-311', 'Male',
        '1980-12-14 13:21:20', '$283231.80', true, 8, 7, 13)
     , (230, 'Claudine', 'McCurtain', 'Nigeria', 'Auna', NULL, NULL, 'Bigender', '1946-03-21 01:36:00',
        '$445880.38', false, 11, 24, 8)
     , (231, 'Jannel', 'Toupe', 'China', 'Jingxi', NULL, NULL, 'Bigender', '1953-09-11 13:49:20',
        '$253176.04', true, 13, 2, 39)
     , (232, 'Prinz', 'Ezzle', 'France', 'Nanterre', 'Île-de-France', '92024 CEDEX', 'Male',
        '1940-10-13 16:36:38', '$156451.00', false, 16, 35, 40)
     , (233, 'Joline', 'Lyptrit', 'Poland', 'Łobez', NULL, '73-150', 'Female', '1955-03-18 13:52:45',
        '$393664.57', true, 3, 36, 9)
     , (234, 'Yoko', 'Bouller', 'China', 'Ergong', NULL, NULL, 'Female', '1965-05-11 01:20:37', '$428484.15',
        false, 7, 40, 29)
     , (235, 'Rafferty', 'Witt', 'China', 'Taiping', NULL, NULL, 'Male', '1984-06-23 12:02:00', '$439025.01',
        true, 2, 33, 30)
     , (236, 'Brandyn', 'Sayse', 'United States', 'Cincinnati', 'Ohio', '45254', 'Male',
        '1974-10-05 15:10:14', '$442844.48', false, 20, 19, 35)
     , (237, 'Rosina', 'Goly', 'Indonesia', 'Rawaglagah', NULL, NULL, 'Female', '1954-12-19 05:30:21',
        '$429194.20', true, 5, 29, 17)
     , (238, 'Bing', 'Guswell', 'Nigeria', 'Wushishi', NULL, NULL, 'Male', '1991-08-17 15:56:17',
        '$202577.94', false, 10, 20, 10)
     , (239, 'Wallie', 'Sheen', 'Poland', 'Mogilany', NULL, '32-031', 'Female', '1975-12-17 01:42:44',
        '$192840.52', false, 3, 11, 20)
     , (240, 'Ellyn', 'Lengthorn', 'Peru', 'El Carmen', NULL, NULL, 'Female', '1974-09-23 17:43:05',
        '$211187.49', true, 13, 4, 37)
     , (241, 'Deny', 'Thurlbeck', 'Greece', 'Deskáti', NULL, NULL, 'Female', '1996-11-28 14:39:20',
        '$123745.88', false, 14, 7, 7)
     , (242, 'Torr', 'Slora', 'Brazil', 'Paracuru', NULL, '62680-000', 'Male', '1990-09-25 07:08:32',
        '$433214.85', true, 1, 36, 29)
     , (243, 'Trumann', 'Gaveltone', 'China', 'Xufu', NULL, NULL, 'Male', '1956-11-13 08:30:23', '$450838.44',
        false, 17, 5, 19)
     , (244, 'Wilbur', 'Bayfield', 'Venezuela', 'Anaco', NULL, NULL, 'Male', '1992-10-17 15:38:34',
        '$492431.66', true, 10, 14, 1)
     , (245, 'Emelda', 'Brough', 'Sweden', 'Löddeköpinge', 'Skåne', '246 43', 'Female', '1987-06-11 07:46:14',
        '$174732.63', true, 5, 26, 24)
     , (246, 'Seward', 'Oxborough', 'China', 'Shenzhong', NULL, NULL, 'Male', '1956-09-14 04:39:09',
        '$366781.41', false, 12, 22, 33)
     , (247, 'Daphna', 'Stennine', 'Brazil', 'Rio Grande da Serra', NULL, '09450-000', 'Female',
        '1964-03-31 06:08:42', '$258504.06', false, 8, 9, 31)
     , (248, 'Roosevelt', 'Hamberston', 'Russia', 'Devitsa', NULL, '397815', 'Male', '1994-08-09 04:24:30',
        '$288164.70', false, 18, 1, 34)
     , (249, 'Doti', 'Jarratt', 'Brazil', 'Aguaí', NULL, '13860-000', 'Female', '1941-03-23 08:42:13',
        '$441430.46', false, 2, 31, 30)
     , (250, 'Gamaliel', 'Cordes', 'China', 'Leijiadian', NULL, NULL, 'Male', '1949-06-05 14:01:55',
        '$300729.85', false, 16, 40, 18)
     , (251, 'Waylin', 'Penfold', 'Indonesia', 'Jatisari', NULL, NULL, 'Male', '1954-09-05 17:00:35',
        '$408842.29', true, 7, 28, 22)
     , (252, 'Abby', 'Dollar', 'Thailand', 'Trakan Phut Phon', NULL, '90120', 'Female', '1973-05-25 13:15:07',
        '$105514.61', true, 4, 21, 39)
     , (253, 'Kelly', 'Di Angelo', 'Uzbekistan', 'Tomdibuloq', NULL, NULL, 'Male', '1957-07-17 08:38:11',
        '$450694.67', false, 11, 3, 30)
     , (254, 'Marita', 'Chidlow', 'Indonesia', 'Purwodadi', NULL, NULL, 'Female', '1952-12-09 13:30:16',
        '$250170.05', false, 6, 20, 5)
     , (255, 'Ferrell', 'Stourton', 'Indonesia', 'Bulu', NULL, NULL, 'Male', '1959-09-09 19:41:28',
        '$300148.31', false, 4, 22, 34)
     , (256, 'Mortimer', 'Ivanenko', 'Ivory Coast', 'Béoumi', NULL, NULL, 'Male', '1949-06-14 02:31:20',
        '$370663.21', true, 10, 36, 19)
     , (257, 'Isa', 'Line', 'Japan', 'Hirado', NULL, '276-0017', 'Male', '1950-06-10 19:12:06', '$343627.60',
        false, 1, 7, 27)
     , (258, 'Erhard', 'Limb', 'Vietnam', 'Đắk Mâm', NULL, NULL, 'Male', '1976-10-24 10:48:36', '$416225.31',
        false, 2, 39, 20)
     , (259, 'Adrianne', 'Dumbrill', 'China', 'Taozhuang', NULL, NULL, 'Female', '1996-04-25 13:22:33',
        '$404941.54', true, 15, 1, 18)
     , (260, 'Fin', 'Maffy', 'Canada', 'Mattawa', 'Ontario', 'V5M', 'Male', '1961-02-14 07:46:14',
        '$404174.17', true, 14, 11, 4)
     , (261, 'Lory', 'Lathwood', 'China', 'Bayan Hot', NULL, NULL, 'Female', '1958-06-26 16:31:53',
        '$144147.08', true, 9, 8, 24)
     , (262, 'Ellette', 'Slatter', 'Philippines', 'Sangali', NULL, '1154', 'Female', '1975-05-08 02:41:48',
        '$201771.44', true, 12, 13, 16)
     , (263, 'Shir', 'Bleue', 'Mongolia', 'Öldziyt', NULL, NULL, 'Genderqueer', '1988-08-14 18:27:44',
        '$365180.22', false, 17, 32, 31)
     , (264, 'Cherise', 'Avramchik', 'Peru', 'Ayna', NULL, NULL, 'Female', '1983-03-13 02:16:16',
        '$489760.08', false, 20, 17, 40)
     , (265, 'Jeddy', 'Lorkin', 'China', 'Dongtang', NULL, NULL, 'Male', '1979-04-16 04:48:48', '$468360.12',
        true, 3, 2, 8)
     , (266, 'Darius', 'Reedy', 'Nauru', 'Anibare', NULL, NULL, 'Male', '1966-08-18 14:49:40', '$324961.29',
        true, 16, 34, 39)
     , (267, 'Felecia', 'Abramof', 'Indonesia', 'Oibioin', NULL, NULL, 'Female', '1982-04-30 00:44:03',
        '$282200.88', true, 4, 20, 18)
     , (268, 'Loleta', 'Boles', 'Philippines', 'Iligan City', NULL, '9200', 'Genderfluid',
        '1969-01-27 15:46:22', '$293698.40', true, 17, 33, 32)
     , (269, 'Richmond', 'Moisey', 'Indonesia', 'Ciwaru', NULL, NULL, 'Bigender', '1969-08-31 07:34:51',
        '$168244.55', false, 6, 38, 21)
     , (270, 'Richmond', 'Basilone', 'China', 'Xiema', NULL, NULL, 'Male', '1966-05-21 05:04:33',
        '$105936.57', false, 1, 6, 29)
     , (271, 'Ulberto', 'Atwill', 'Russia', 'Ushumun', NULL, '676135', 'Male', '1968-07-24 08:21:45',
        '$300265.52', false, 7, 22, 14)
     , (272, 'Catriona', 'Catton', 'Greece', 'Morfovoúni', NULL, NULL, 'Female', '1996-07-31 19:49:36',
        '$482844.66', true, 11, 21, 22)
     , (273, 'Heriberto', 'Bremner', 'Philippines', 'Balud', NULL, '5412', 'Male', '1980-02-02 22:11:59',
        '$161279.39', false, 18, 27, 20)
     , (274, 'Katya', 'Mingay', 'Indonesia', 'Kotatengah', NULL, NULL, 'Female', '1959-03-20 10:48:11',
        '$469395.97', true, 12, 24, 35)
     , (275, 'Carine', 'Grenfell', 'China', 'Wuxiang', NULL, NULL, 'Female', '1970-10-09 13:16:50',
        '$225866.52', false, 16, 1, 38)
     , (276, 'Angie', 'Dyke', 'South Korea', 'Gwangjeok', NULL, NULL, 'Female', '1992-12-26 02:21:12',
        '$174516.71', false, 13, 40, 9)
     , (277, 'Willyt', 'Grindall', 'Philippines', 'Malaga', NULL, '1109', 'Female', '1967-07-08 12:27:55',
        '$308260.93', true, 10, 18, 34)
     , (278, 'Boony', 'Ballinghall', 'Mexico', 'Jose Maria Morelos', 'Veracruz Llave', '94453', 'Male',
        '1958-07-17 16:31:27', '$489244.67', false, 8, 32, 30)
     , (279, 'Kessiah', 'Garvan', 'Peru', 'Namora', NULL, NULL, 'Female', '1940-12-30 20:00:59', '$216578.91',
        true, 9, 7, 40)
     , (280, 'Koenraad', 'Bridgman', 'Russia', 'Vichuga', NULL, '155334', 'Male', '1982-03-21 18:06:36',
        '$491630.26', false, 15, 13, 28);



DROP TABLE IF EXISTS `Ticket_Assignments`;

CREATE TABLE Ticket_Assignments
(
    employee_id  int,
    ticket_id    int,
    PRIMARY KEY (employee_id, ticket_id),
    is_completed boolean NOT NULL,
    CONSTRAINT fk_11 FOREIGN KEY (employee_id) REFERENCES Employees (employee_id)
        ON DELETE CASCADE
        ON UPDATE CASCADE,
    CONSTRAINT fk_12 FOREIGN KEY (ticket_id) REFERENCES Tickets (ticket_id)
        ON DELETE CASCADE
        ON UPDATE CASCADE
);

INSERT INTO Ticket_Assignments(employee_id,ticket_id,is_completed) VALUES
 (243,123,true)
,(223,155,false)
,(150,425,true)
,(45,279,false)
,(225,57,false)
,(153,421,false)
,(12,149,true)
,(38,94,false)
,(39,121,true)
,(146,3,false)
,(127,362,true)
,(191,350,true)
,(18,28,false)
,(57,438,false)
,(4,280,false)
,(155,268,false)
,(54,115,false)
,(14,386,true)
,(105,441,false)
,(64,485,true)
,(244,140,false)
,(253,449,false)
,(274,163,false)
,(226,320,true)
,(221,445,true)
,(165,154,true)
,(52,136,false)
,(83,142,false)
,(57,266,true)
,(167,86,true)
,(215,335,false)
,(3,119,false)
,(61,443,false)
,(175,23,false)
,(276,426,true)
,(207,359,false)
,(54,128,false)
,(94,409,true)
,(144,279,false)
,(34,418,false)
,(227,59,true)
,(45,460,true)
,(7,479,true)
,(38,324,true)
,(39,112,true)
,(104,309,false)
,(41,493,true)
,(74,487,false)
,(256,263,false)
,(35,291,false)
,(153,201,true)
,(71,314,false)
,(73,157,false)
,(145,112,false)
,(256,420,false)
,(138,368,true)
,(29,371,false)
,(13,236,false)
,(60,500,true)
,(214,102,false)
,(140,489,true)
,(246,426,false)
,(98,180,false)
,(260,227,true)
,(82,118,false)
,(54,175,true)
,(40,125,false)
,(100,51,false)
,(108,483,true)
,(207,306,false)
,(232,271,false)
,(262,222,false)
,(178,469,false)
,(266,324,true)
,(34,245,true)
,(63,20,false)
,(166,202,false)
,(139,110,false)
,(266,354,true)
,(129,12,false)
,(50,288,false)
,(122,404,true)
,(89,175,true)
,(66,301,false)
,(18,486,true)
,(157,371,true)
,(206,69,false)
,(156,241,false)
,(72,65,true)
,(138,445,false)
,(175,270,true)
,(262,55,false)
,(54,19,true)
,(205,137,true)
,(132,25,false)
,(144,36,false)
,(230,46,true)
,(225,311,true)
,(256,196,true)
,(145,434,true)
,(94,231,true)
,(185,357,true)
,(247,195,false)
,(199,310,false)
,(251,259,true)
,(205,111,true)
,(163,281,false)
,(66,252,true)
,(45,165,false)
,(155,83,false)
,(153,119,true)
,(233,204,true)
,(143,103,false)
,(271,328,true)
,(34,365,true)
,(23,384,false)
,(55,166,false)
,(37,386,false)
,(265,188,false)
,(64,55,true)
,(42,82,true)
,(109,20,true)
,(212,322,false)
,(132,267,true)
,(215,213,true)
,(11,396,false)
,(263,197,true)
,(91,176,false)
,(196,187,true)
,(37,131,true)
,(237,159,false)
,(95,156,true)
,(10,393,true)
,(73,288,true)
,(56,213,false)
,(158,193,true)
,(258,201,true)
,(217,189,true)
,(140,169,true)
,(2,391,false)
,(210,412,false)
,(241,45,true)
,(145,74,true)
,(137,456,false)
,(277,126,true)
,(206,282,true)
,(260,8,true)
,(200,401,false)
,(186,441,true)
,(109,183,false)
,(91,488,false)
,(108,23,false)
,(42,360,true)
,(156,26,true)
,(272,441,false)
,(244,2,true)
,(168,94,true)
,(252,425,true)
,(118,74,true)
,(123,191,true)
,(165,110,false)
,(263,143,false)
,(114,267,true)
,(152,498,false)
,(16,387,false)
,(271,286,true)
,(56,75,true)
,(135,380,true)
,(2,204,true)
,(116,343,false)
,(213,458,true)
,(202,128,false)
,(6,70,true)
,(74,192,false)
,(231,15,true)
,(136,231,true)
,(203,98,true)
,(193,474,false)
,(149,135,true)
,(40,381,false)
,(172,41,true)
,(225,438,false)
,(217,413,false)
,(103,445,false)
,(81,239,true)
,(238,303,false)
,(26,440,true)
,(118,60,false)
,(258,472,false)
,(270,211,true)
,(244,399,true)
,(83,115,true)
,(230,406,true)
,(89,208,true)
,(66,429,false)
,(5,171,false)
,(18,278,true)
,(91,496,true)
,(90,309,true)
,(87,274,false)
,(199,189,true)
,(217,244,true)
,(48,483,false)
,(89,413,false)
,(79,9,true)
,(123,30,true)
,(239,364,false)
,(201,103,true)
,(189,432,true)
,(47,292,true)
,(36,498,false)
,(27,125,false)
,(144,424,true)
,(272,439,false)
,(212,332,false)
,(220,320,true)
,(72,458,true)
,(174,212,true)
,(41,403,true)
,(215,481,false)
,(168,42,false)
,(269,256,true)
,(157,174,false)
,(131,343,true)
,(183,303,false)
,(114,180,false)
,(138,226,false)
,(15,397,false)
,(70,314,true)
,(195,266,true)
,(269,152,false)
,(223,347,false)
,(238,233,true)
,(218,427,false)
,(232,395,true)
,(45,212,false)
,(254,35,true)
,(98,396,false)
,(241,324,false)
,(250,176,false)
,(145,39,false)
,(134,463,true)
,(142,155,true)
,(191,71,true)
,(37,375,true)
,(216,422,false)
,(54,295,false)
,(224,311,false)
,(226,88,true)
,(83,221,false)
,(44,420,false)
,(63,6,true)
,(163,349,true)
,(227,14,true)
,(8,211,true)
,(75,380,true)
,(189,334,true)
,(111,362,true)
,(182,74,false)
,(29,175,true)
,(279,287,true)
,(152,42,true)
,(131,40,true)
,(102,216,true)
,(60,382,true)
,(185,215,true)
,(67,342,false)
,(247,498,false)
,(209,397,true)
,(108,11,false)
,(159,427,false)
,(61,269,false)
,(277,301,true)
,(14,43,true)
,(5,336,true)
,(125,316,true)
,(116,230,true)
,(16,121,true)
,(85,433,false)
,(172,486,true)
,(158,202,false)
,(4,196,true)
,(233,317,false)
,(170,365,true)
,(21,239,false)
,(99,93,false)
,(242,231,true)
,(174,426,false)
,(33,259,false)
,(45,483,false)
,(93,199,false)
,(132,328,false)
,(261,346,true)
,(194,256,false)
,(134,55,true)
,(63,266,true)
,(122,368,false)
,(53,391,true)
,(113,298,true)
,(100,357,false)
,(259,125,true)
,(268,404,false)
,(231,113,false)
,(96,186,false)
,(196,89,false)
,(280,215,false)
,(95,54,false)
,(146,463,false)
,(74,83,true)
,(245,289,false)
,(168,148,true)
,(65,216,false)
,(25,266,true)
,(143,485,true)
,(50,91,true)
,(31,42,false)
,(219,27,true)
,(99,398,true)
,(206,317,false)
,(134,419,false)
,(150,122,true)
,(85,108,true)
,(47,406,false)
,(105,327,false)
,(154,44,false)
,(188,492,false)
,(92,6,true)
,(78,344,true)
,(269,30,true)
,(100,14,false)
,(179,25,false)
,(48,365,true)
,(273,371,false)
,(138,198,false)
,(207,154,false)
,(29,322,false)
,(109,8,true)
,(93,84,true)
,(10,308,true)
,(228,264,false)
,(252,242,true)
,(53,415,false)
,(144,463,false)
,(26,297,false)
,(271,191,true)
,(216,485,true)
,(80,361,false)
,(199,443,false)
,(57,15,true)
,(227,48,false)
,(275,371,true)
,(194,37,false)
,(8,33,false)
,(249,466,true)
,(247,228,true)
,(151,328,false)
,(197,239,false)
,(118,137,true)
,(21,125,true)
,(230,136,true)
,(211,303,false)
,(88,439,false)
,(91,97,true)
,(224,212,true)
,(216,258,true)
,(31,266,false)
,(193,472,true)
,(26,265,false)
,(137,481,true)
,(36,488,false)
,(153,77,true)
,(94,444,true)
,(46,264,true)
,(148,452,false)
,(44,469,true)
,(50,48,false)
,(29,327,true)
,(120,198,true)
,(109,160,false)
,(96,54,true)
,(211,127,true)
,(35,130,true)
,(124,86,true)
,(123,205,false)
,(212,75,false)
,(20,424,false)
,(251,179,false)
,(144,352,false)
,(36,101,true)
,(246,97,true)
,(147,303,true)
,(215,319,false)
,(47,44,false)
,(94,481,false)
,(51,227,true)
,(63,18,false)
,(12,6,true)
,(90,209,false)
,(276,414,true)
,(272,368,false)
,(222,232,true)
,(54,319,true)
,(197,397,true)
,(248,156,false)
,(132,227,true)
,(184,252,false)
,(64,182,true)
,(164,468,true)
,(142,369,false)
,(194,196,false)
,(219,497,false)
,(173,262,true)
,(275,92,false)
,(41,193,false)
,(220,164,true)
,(175,487,true)
,(10,158,true)
,(272,384,false)
,(5,174,true)
,(81,281,true)
,(244,165,false)
,(233,145,true)
,(133,489,false)
,(150,358,true)
,(171,144,false)
,(157,59,true)
,(220,430,true)
,(24,437,true)
,(158,81,false)
,(186,73,true)
,(125,472,true)
,(194,306,false)
,(195,177,false)
,(277,72,true)
,(207,356,true)
,(132,338,true)
,(98,216,true)
,(254,339,true)
,(180,473,false)
,(250,16,false)
,(28,8,false)
,(165,376,true)
,(241,124,false)
,(63,194,true)
,(198,471,true)
,(4,258,false)
,(246,386,true)
,(169,429,false)
,(11,326,true)
,(182,370,true)
,(168,271,true)
,(247,300,true)
,(171,438,false)
,(200,200,false)
,(122,303,true)
,(21,216,false)
,(37,367,true)
,(167,162,true)
,(54,226,false)
,(125,332,true)
,(209,154,false)
,(173,218,false)
,(91,172,true)
,(261,233,true)
,(211,140,false)
,(183,333,false)
,(19,157,true)
,(123,76,true)
,(156,164,false)
,(164,428,false)
,(64,386,true)
,(133,337,false)
,(229,34,true)
,(235,10,true)
,(207,229,true)
,(182,158,true)
,(90,217,false)
,(198,65,false)
,(81,252,false)
,(148,313,true)
,(251,284,true)
,(39,290,false)
,(186,74,true)
,(46,437,true)
,(116,163,true)
,(65,55,false)
,(14,355,true)
,(120,295,true)
,(77,307,false)
,(195,253,true)
,(215,368,true)
,(108,403,true)
,(183,150,true)
,(214,264,false)
,(43,383,true)
,(127,89,false)
,(276,6,false)
,(258,474,true)
,(70,300,false)
,(160,136,true);

DROP TABLE IF EXISTS `Roles`;

CREATE TABLE Roles
(
    role_id   int AUTO_INCREMENT PRIMARY KEY,
    role_name varchar(50) NOT NULL
);

INSERT INTO Roles(role_id, role_name)
VALUES (1, 'Dental Hygienist')
     , (2, 'Web Designer IV')
     , (3, 'Desktop Support Technician')
     , (4, 'GIS Technical Architect')
     , (5, 'Occupational Therapist')
     , (6, 'Data Coordinator')
     , (7, 'Director of Sales')
     , (8, 'Information Systems Manager')
     , (9, 'Web Developer IV')
     , (10, 'Tax Accountant');

DROP TABLE IF EXISTS `Employee_Roles`;

CREATE TABLE Employee_Roles
(
    role_id     int,
    employee_id int,
    PRIMARY KEY (role_id, employee_id),
    CONSTRAINT fk_13 FOREIGN KEY (role_id) REFERENCES Roles (role_id)
        ON DELETE CASCADE
        ON UPDATE CASCADE,
    CONSTRAINT fk_14 FOREIGN KEY (employee_id) REFERENCES Employees (employee_id)
        ON DELETE CASCADE
        ON UPDATE CASCADE
);

INSERT INTO Employee_Roles(role_id, employee_id)
VALUES (1, 1)
     , (2, 2)
     , (3, 3)
     , (4, 4)
     , (5, 5)
     , (6, 6)
     , (7, 7)
     , (8, 8)
     , (9, 9)
     , (10, 10)
     , (1, 11)
     , (2, 12)
     , (3, 13)
     , (4, 14)
     , (5, 15)
     , (6, 16)
     , (7, 17)
     , (8, 18)
     , (9, 19)
     , (10, 20)
     , (1, 21)
     , (2, 22)
     , (3, 23)
     , (4, 24)
     , (5, 25)
     , (6, 26)
     , (7, 27)
     , (8, 28)
     , (9, 29)
     , (10, 30)
     , (1, 31)
     , (2, 32)
     , (3, 33)
     , (4, 34)
     , (5, 35)
     , (6, 36)
     , (7, 37)
     , (8, 38)
     , (9, 39)
     , (10, 40)
     , (1, 41)
     , (2, 42)
     , (3, 43)
     , (4, 44)
     , (5, 45)
     , (6, 46)
     , (7, 47)
     , (8, 48)
     , (9, 49)
     , (10, 50)
     , (1, 51)
     , (2, 52)
     , (3, 53)
     , (4, 54)
     , (5, 55)
     , (6, 56)
     , (7, 57)
     , (8, 58)
     , (9, 59)
     , (10, 60)
     , (1, 61)
     , (2, 62)
     , (3, 63)
     , (4, 64)
     , (5, 65)
     , (6, 66)
     , (7, 67)
     , (8, 68)
     , (9, 69)
     , (10, 70)
     , (1, 71)
     , (2, 72)
     , (3, 73)
     , (4, 74)
     , (5, 75)
     , (6, 76)
     , (7, 77)
     , (8, 78)
     , (9, 79)
     , (10, 80)
     , (1, 81)
     , (2, 82)
     , (3, 83)
     , (4, 84)
     , (5, 85)
     , (6, 86)
     , (7, 87)
     , (8, 88)
     , (9, 89)
     , (10, 90)
     , (1, 91)
     , (2, 92)
     , (3, 93)
     , (4, 94)
     , (5, 95)
     , (6, 96)
     , (7, 97)
     , (8, 98)
     , (9, 99)
     , (10, 100)
     , (1, 101)
     , (2, 102)
     , (3, 103)
     , (4, 104)
     , (5, 105)
     , (6, 106)
     , (7, 107)
     , (8, 108)
     , (9, 109)
     , (10, 110)
     , (1, 111)
     , (2, 112)
     , (3, 113)
     , (4, 114)
     , (5, 115)
     , (6, 116)
     , (7, 117)
     , (8, 118)
     , (9, 119)
     , (10, 120)
     , (1, 121)
     , (2, 122)
     , (3, 123)
     , (4, 124)
     , (5, 125)
     , (6, 126)
     , (7, 127)
     , (8, 128)
     , (9, 129)
     , (10, 130)
     , (1, 131)
     , (2, 132)
     , (3, 133)
     , (4, 134)
     , (5, 135)
     , (6, 136)
     , (7, 137)
     , (8, 138)
     , (9, 139)
     , (10, 140)
     , (1, 141)
     , (2, 142)
     , (3, 143)
     , (4, 144)
     , (5, 145)
     , (6, 146)
     , (7, 147)
     , (8, 148)
     , (9, 149)
     , (10, 150)
     , (1, 151)
     , (2, 152)
     , (3, 153)
     , (4, 154)
     , (5, 155)
     , (6, 156)
     , (7, 157)
     , (8, 158)
     , (9, 159)
     , (10, 160)
     , (1, 161)
     , (2, 162)
     , (3, 163)
     , (4, 164)
     , (5, 165)
     , (6, 166)
     , (7, 167)
     , (8, 168)
     , (9, 169)
     , (10, 170)
     , (1, 171)
     , (2, 172)
     , (3, 173)
     , (4, 174)
     , (5, 175)
     , (6, 176)
     , (7, 177)
     , (8, 178)
     , (9, 179)
     , (10, 180)
     , (1, 181)
     , (2, 182)
     , (3, 183)
     , (4, 184)
     , (5, 185)
     , (6, 186)
     , (7, 187)
     , (8, 188)
     , (9, 189)
     , (10, 190)
     , (1, 191)
     , (2, 192)
     , (3, 193)
     , (4, 194)
     , (5, 195)
     , (6, 196)
     , (7, 197)
     , (8, 198)
     , (9, 199)
     , (10, 200)
     , (1, 201)
     , (2, 202)
     , (3, 203)
     , (4, 204)
     , (5, 205)
     , (6, 206)
     , (7, 207)
     , (8, 208)
     , (9, 209)
     , (10, 210)
     , (1, 211)
     , (2, 212)
     , (3, 213)
     , (4, 214)
     , (5, 215)
     , (6, 216)
     , (7, 217)
     , (8, 218)
     , (9, 219)
     , (10, 220)
     , (1, 221)
     , (2, 222)
     , (3, 223)
     , (4, 224)
     , (5, 225)
     , (6, 226)
     , (7, 227)
     , (8, 228)
     , (9, 229)
     , (10, 230)
     , (1, 231)
     , (2, 232)
     , (3, 233)
     , (4, 234)
     , (5, 235)
     , (6, 236)
     , (7, 237)
     , (8, 238)
     , (9, 239)
     , (10, 240)
     , (1, 241)
     , (2, 242)
     , (3, 243)
     , (4, 244)
     , (5, 245)
     , (6, 246)
     , (7, 247)
     , (8, 248)
     , (9, 249)
     , (10, 250)
     , (1, 251)
     , (2, 252)
     , (3, 253)
     , (4, 254)
     , (5, 255)
     , (6, 256)
     , (7, 257)
     , (8, 258)
     , (9, 259)
     , (10, 260)
     , (1, 261)
     , (2, 262)
     , (3, 263)
     , (4, 264)
     , (5, 265)
     , (6, 266)
     , (7, 267)
     , (8, 268)
     , (9, 269)
     , (10, 270)
     , (1, 271)
     , (2, 272)
     , (3, 273)
     , (4, 274)
     , (5, 275)
     , (6, 276)
     , (7, 277)
     , (8, 278)
     , (9, 279)
     , (10, 280);

